10-10-2023,5:30 PM,Nashville Predators,Tampa Bay Lightning
10-10-2023,8:00 PM,Chicago Blackhawks,Pittsburgh Penguins
10-10-2023,10:30 PM,Seattle Kraken,Vegas Golden Knights
10-11-2023,7:00 PM,Ottawa Senators,Carolina Hurricanes
10-11-2023,7:00 PM,Montreal Canadiens,Toronto Maple Leafs
10-11-2023,7:30 PM,Chicago Blackhawks,Boston Bruins
10-11-2023,10:00 PM,Winnipeg Jets,Calgary Flames
10-11-2023,10:00 PM,Colorado Avalanche,Los Angeles Kings
10-11-2023,10:00 PM,Edmonton Oilers,Vancouver Canucks
10-12-2023,7:00 PM,New York Rangers,Buffalo Sabres
10-12-2023,7:00 PM,Philadelphia Flyers,Columbus Blue Jackets
10-12-2023,7:00 PM,Detroit Red Wings,New Jersey Devils
10-12-2023,8:00 PM,St. Louis Blues,Dallas Stars
10-12-2023,8:00 PM,Florida Panthers,Minnesota Wild
10-12-2023,8:00 PM,Seattle Kraken,Nashville Predators
10-12-2023,10:30 PM,Vegas Golden Knights,San Jose Sharks
10-13-2023,7:00 PM,Arizona Coyotes,New Jersey Devils
10-13-2023,7:00 PM,Pittsburgh Penguins,Washington Capitals
10-14-2023,1:00 PM,Philadelphia Flyers,Ottawa Senators
10-14-2023,4:00 PM,Florida Panthers,Winnipeg Jets
10-14-2023,7:00 PM,Nashville Predators,Boston Bruins
10-14-2023,7:00 PM,New York Rangers,Columbus Blue Jackets
10-14-2023,7:00 PM,Tampa Bay Lightning,Detroit Red Wings
10-14-2023,7:00 PM,Chicago Blackhawks,Montreal Canadiens
10-14-2023,7:00 PM,Calgary Flames,Pittsburgh Penguins
10-14-2023,7:00 PM,Minnesota Wild,Toronto Maple Leafs
10-14-2023,7:30 PM,Buffalo Sabres,New York Islanders
10-14-2023,8:00 PM,Seattle Kraken,St. Louis Blues
10-14-2023,10:00 PM,Vancouver Canucks,Edmonton Oilers
10-14-2023,10:00 PM,Colorado Avalanche,San Jose Sharks
10-14-2023,10:00 PM,Anaheim Ducks,Vegas Golden Knights
10-14-2023,10:30 PM,Carolina Hurricanes,Los Angeles Kings
10-15-2023,7:00 PM,Tampa Bay Lightning,Ottawa Senators
10-15-2023,8:30 PM,Carolina Hurricanes,Anaheim Ducks
10-16-2023,7:00 PM,Detroit Red Wings,Columbus Blue Jackets
10-16-2023,7:00 PM,Florida Panthers,New Jersey Devils
10-16-2023,7:00 PM,Arizona Coyotes,New York Rangers
10-16-2023,7:00 PM,Chicago Blackhawks,Toronto Maple Leafs
10-16-2023,7:00 PM,Calgary Flames,Washington Capitals
10-17-2023,7:00 PM,Tampa Bay Lightning,Buffalo Sabres
10-17-2023,7:00 PM,Minnesota Wild,Montreal Canadiens
10-17-2023,7:00 PM,Vancouver Canucks,Philadelphia Flyers
10-17-2023,7:30 PM,Arizona Coyotes,New York Islanders
10-17-2023,8:00 PM,Edmonton Oilers,Nashville Predators
10-17-2023,8:00 PM,Los Angeles Kings,Winnipeg Jets
10-17-2023,10:00 PM,Colorado Avalanche,Seattle Kraken
10-17-2023,10:30 PM,Carolina Hurricanes,San Jose Sharks
10-17-2023,10:30 PM,Dallas Stars,Vegas Golden Knights
10-18-2023,7:00 PM,Washington Capitals,Ottawa Senators
10-18-2023,7:30 PM,Pittsburgh Penguins,Detroit Red Wings
10-19-2023,7:00 PM,Calgary Flames,Buffalo Sabres
10-19-2023,7:00 PM,Toronto Maple Leafs,Florida Panthers
10-19-2023,7:00 PM,Nashville Predators,New York Rangers
10-19-2023,7:00 PM,Edmonton Oilers,Philadelphia Flyers
10-19-2023,7:00 PM,Vancouver Canucks,Tampa Bay Lightning
10-19-2023,8:00 PM,Los Angeles Kings,Minnesota Wild
10-19-2023,8:00 PM,Arizona Coyotes,St. Louis Blues
10-19-2023,8:00 PM,Vegas Golden Knights,Winnipeg Jets
10-19-2023,10:00 PM,Dallas Stars,Anaheim Ducks
10-19-2023,10:00 PM,Carolina Hurricanes,Seattle Kraken
10-19-2023,10:30 PM,Chicago Blackhawks,Colorado Avalanche
10-19-2023,10:30 PM,Boston Bruins,San Jose Sharks
10-20-2023,7:00 PM,Calgary Flames,Columbus Blue Jackets
10-20-2023,7:30 PM,New Jersey Devils,New York Islanders
10-21-2023,1:00 PM,Detroit Red Wings,Ottawa Senators
10-21-2023,4:00 PM,Anaheim Ducks,Arizona Coyotes
10-21-2023,7:00 PM,New York Islanders,Buffalo Sabres
10-21-2023,7:00 PM,Vancouver Canucks,Florida Panthers
10-21-2023,7:00 PM,Washington Capitals,Montreal Canadiens
10-21-2023,7:00 PM,Toronto Maple Leafs,Tampa Bay Lightning
10-21-2023,8:00 PM,Vegas Golden Knights,Chicago Blackhawks
10-21-2023,8:00 PM,Philadelphia Flyers,Dallas Stars
10-21-2023,8:00 PM,Columbus Blue Jackets,Minnesota Wild
10-21-2023,8:00 PM,San Jose Sharks,Nashville Predators
10-21-2023,8:00 PM,Pittsburgh Penguins,St. Louis Blues
10-21-2023,9:00 PM,Carolina Hurricanes,Colorado Avalanche
10-21-2023,10:00 PM,Winnipeg Jets,Edmonton Oilers
10-21-2023,10:00 PM,New York Rangers,Seattle Kraken
10-21-2023,10:30 PM,Boston Bruins,Los Angeles Kings
10-22-2023,5:00 PM,Calgary Flames,Detroit Red Wings
10-22-2023,8:30 PM,Boston Bruins,Anaheim Ducks
10-23-2023,7:00 PM,Montreal Canadiens,Buffalo Sabres
10-24-2023,6:00 PM,Toronto Maple Leafs,Washington Capitals
10-24-2023,6:30 PM,Anaheim Ducks,Columbus Blue Jackets
10-24-2023,6:45 PM,Buffalo Sabres,Ottawa Senators
10-24-2023,7:00 PM,Carolina Hurricanes,Tampa Bay Lightning
10-24-2023,7:15 PM,New Jersey Devils,Montreal Canadiens
10-24-2023,7:30 PM,Dallas Stars,Pittsburgh Penguins
10-24-2023,7:45 PM,San Jose Sharks,Florida Panthers
10-24-2023,8:00 PM,Colorado Avalanche,New York Islanders
10-24-2023,8:15 PM,Seattle Kraken,Detroit Red Wings
10-24-2023,8:30 PM,Boston Bruins,Chicago Blackhawks
10-24-2023,8:45 PM,St. Louis Blues,Winnipeg Jets
10-24-2023,9:00 PM,Edmonton Oilers,Minnesota Wild
10-24-2023,9:15 PM,Vancouver Canucks,Nashville Predators
10-24-2023,9:45 PM,New York Rangers,Calgary Flames
10-24-2023,10:30 PM,Arizona Coyotes,Los Angeles Kings
10-24-2023,11:00 PM,Philadelphia Flyers,Vegas Golden Knights
10-25-2023,7:30 PM,Washington Capitals,New Jersey Devils
10-26-2023,7:00 PM,Anaheim Ducks,Boston Bruins
10-26-2023,7:00 PM,Seattle Kraken,Carolina Hurricanes
10-26-2023,7:00 PM,Winnipeg Jets,Detroit Red Wings
10-26-2023,7:00 PM,Columbus Blue Jackets,Montreal Canadiens
10-26-2023,7:00 PM,Minnesota Wild,Philadelphia Flyers
10-26-2023,7:00 PM,Colorado Avalanche,Pittsburgh Penguins
10-26-2023,7:00 PM,San Jose Sharks,Tampa Bay Lightning
10-26-2023,7:30 PM,Ottawa Senators,New York Islanders
10-26-2023,8:00 PM,Toronto Maple Leafs,Dallas Stars
10-26-2023,9:00 PM,St. Louis Blues,Calgary Flames
10-26-2023,9:00 PM,New York Rangers,Edmonton Oilers
10-27-2023,6:00 PM,Chicago Blackhawks,Vegas Golden Knights
10-27-2023,7:00 PM,San Jose Sharks,Carolina Hurricanes
10-27-2023,7:00 PM,Buffalo Sabres,New Jersey Devils
10-27-2023,7:00 PM,Minnesota Wild,Washington Capitals
10-27-2023,10:00 PM,Los Angeles Kings,Arizona Coyotes
10-27-2023,10:00 PM,St. Louis Blues,Vancouver Canucks
10-28-2023,1:00 PM,Anaheim Ducks,Philadelphia Flyers
10-28-2023,6:00 PM,Seattle Kraken,Florida Panthers
10-28-2023,7:00 PM,Detroit Red Wings,Boston Bruins
10-28-2023,7:00 PM,New York Islanders,Columbus Blue Jackets
10-28-2023,7:00 PM,Winnipeg Jets,Montreal Canadiens
10-28-2023,7:00 PM,Toronto Maple Leafs,Nashville Predators
10-28-2023,7:00 PM,Ottawa Senators,Pittsburgh Penguins
10-28-2023,10:00 PM,New York Rangers,Vancouver Canucks
10-28-2023,10:30 PM,Vegas Golden Knights,Los Angeles Kings
10-29-2023,1:00 PM,Colorado Avalanche,Buffalo Sabres
10-29-2023,5:00 PM,Minnesota Wild,New Jersey Devils
10-29-2023,5:00 PM,San Jose Sharks,Washington Capitals
10-29-2023,7:00 PM,Calgary Flames,Edmonton Oilers
10-30-2023,7:00 PM,Florida Panthers,Boston Bruins
10-30-2023,7:00 PM,Carolina Hurricanes,Philadelphia Flyers
10-30-2023,7:00 PM,Anaheim Ducks,Pittsburgh Penguins
10-30-2023,7:00 PM,Seattle Kraken,Tampa Bay Lightning
10-30-2023,7:30 PM,Detroit Red Wings,New York Islanders
10-30-2023,7:30 PM,New York Rangers,Winnipeg Jets
10-30-2023,8:00 PM,Columbus Blue Jackets,Dallas Stars
10-30-2023,10:00 PM,Chicago Blackhawks,Arizona Coyotes
10-30-2023,10:00 PM,Montreal Canadiens,Vegas Golden Knights
10-31-2023,8:00 PM,Los Angeles Kings,Toronto Maple Leafs
10-31-2023,10:00 PM,Nashville Predators,Vancouver Canucks
11-1-2023,7:00 PM,Buffalo Sabres,Philadelphia Flyers
11-1-2023,8:30 PM,Dallas Stars,Calgary Flames
11-1-2023,9:30 PM,St. Louis Blues,Colorado Avalanche
11-1-2023,10:00 PM,Arizona Coyotes,Anaheim Ducks
11-2-2023,7:00 PM,Toronto Maple Leafs,Boston Bruins
11-2-2023,7:00 PM,Tampa Bay Lightning,Columbus Blue Jackets
11-2-2023,7:00 PM,Florida Panthers,Detroit Red Wings
11-2-2023,7:00 PM,Carolina Hurricanes,New York Rangers
11-2-2023,7:00 PM,Los Angeles Kings,Ottawa Senators
11-2-2023,7:00 PM,New York Islanders,Washington Capitals
11-2-2023,8:00 PM,New Jersey Devils,Minnesota Wild
11-2-2023,9:00 PM,Dallas Stars,Edmonton Oilers
11-2-2023,10:00 PM,Montreal Canadiens,Arizona Coyotes
11-2-2023,10:00 PM,Nashville Predators,Seattle Kraken
11-2-2023,10:00 PM,Winnipeg Jets,Vegas Golden Knights
11-2-2023,10:30 PM,Vancouver Canucks,San Jose Sharks
11-3-2023,7:00 PM,Philadelphia Flyers,Buffalo Sabres
11-3-2023,8:00 PM,New Jersey Devils,St. Louis Blues
11-4-2023,3:00 PM,Nashville Predators,Edmonton Oilers
11-4-2023,4:00 PM,Winnipeg Jets,Arizona Coyotes
11-4-2023,7:00 PM,Boston Bruins,Detroit Red Wings
11-4-2023,7:00 PM,Tampa Bay Lightning,Ottawa Senators
11-4-2023,7:00 PM,Los Angeles Kings,Philadelphia Flyers
11-4-2023,7:00 PM,Montreal Canadiens,St. Louis Blues
11-4-2023,7:00 PM,Buffalo Sabres,Toronto Maple Leafs
11-4-2023,7:00 PM,Columbus Blue Jackets,Washington Capitals
11-4-2023,7:30 PM,Carolina Hurricanes,New York Islanders
11-4-2023,8:00 PM,Florida Panthers,Chicago Blackhawks
11-4-2023,8:00 PM,New York Rangers,Minnesota Wild
11-4-2023,10:00 PM,Calgary Flames,Seattle Kraken
11-4-2023,10:00 PM,Pittsburgh Penguins,San Jose Sharks
11-4-2023,10:00 PM,Dallas Stars,Vancouver Canucks
11-4-2023,10:00 PM,Colorado Avalanche,Vegas Golden Knights
11-5-2023,7:00 PM,New Jersey Devils,Chicago Blackhawks
11-5-2023,8:00 PM,Vegas Golden Knights,Anaheim Ducks
11-6-2023,7:00 PM,Columbus Blue Jackets,Florida Panthers
11-6-2023,7:00 PM,Tampa Bay Lightning,Toronto Maple Leafs
11-6-2023,8:00 PM,Boston Bruins,Dallas Stars
11-6-2023,10:00 PM,Edmonton Oilers,Vancouver Canucks
11-7-2023,7:00 PM,Buffalo Sabres,Carolina Hurricanes
11-7-2023,7:00 PM,Tampa Bay Lightning,Montreal Canadiens
11-7-2023,7:30 PM,Minnesota Wild,New York Islanders
11-7-2023,7:30 PM,Detroit Red Wings,New York Rangers
11-7-2023,8:00 PM,Winnipeg Jets,St. Louis Blues
11-7-2023,9:00 PM,Seattle Kraken,Arizona Coyotes
11-7-2023,9:00 PM,Nashville Predators,Calgary Flames
11-7-2023,10:00 PM,Pittsburgh Penguins,Anaheim Ducks
11-7-2023,10:00 PM,New Jersey Devils,Colorado Avalanche
11-7-2023,10:30 PM,Philadelphia Flyers,San Jose Sharks
11-8-2023,7:00 PM,Ottawa Senators,Toronto Maple Leafs
11-8-2023,7:30 PM,Florida Panthers,Washington Capitals
11-8-2023,10:00 PM,Los Angeles Kings,Vegas Golden Knights
11-9-2023,7:00 PM,New York Islanders,Boston Bruins
11-9-2023,7:00 PM,Dallas Stars,Columbus Blue Jackets
11-9-2023,7:00 PM,Montreal Canadiens,Detroit Red Wings
11-9-2023,7:00 PM,Minnesota Wild,New York Rangers
11-9-2023,7:00 PM,Vancouver Canucks,Ottawa Senators
11-9-2023,7:00 PM,Chicago Blackhawks,Tampa Bay Lightning
11-9-2023,8:00 PM,Arizona Coyotes,St. Louis Blues
11-9-2023,8:00 PM,Nashville Predators,Winnipeg Jets
11-9-2023,9:00 PM,Seattle Kraken,Colorado Avalanche
11-9-2023,10:30 PM,Pittsburgh Penguins,Los Angeles Kings
11-9-2023,10:30 PM,Edmonton Oilers,San Jose Sharks
11-10-2023,7:00 PM,Minnesota Wild,Buffalo Sabres
11-10-2023,7:00 PM,Carolina Hurricanes,Florida Panthers
11-10-2023,7:00 PM,Washington Capitals,New Jersey Devils
11-10-2023,7:00 PM,Calgary Flames,Toronto Maple Leafs
11-10-2023,10:00 PM,Philadelphia Flyers,Anaheim Ducks
11-10-2023,10:00 PM,San Jose Sharks,Vegas Golden Knights
11-11-2023,1:00 PM,Columbus Blue Jackets,Detroit Red Wings
11-11-2023,4:00 PM,Dallas Stars,Winnipeg Jets
11-11-2023,7:00 PM,Boston Bruins,Montreal Canadiens
11-11-2023,7:00 PM,Calgary Flames,Ottawa Senators
11-11-2023,7:00 PM,Carolina Hurricanes,Tampa Bay Lightning
11-11-2023,7:00 PM,Vancouver Canucks,Toronto Maple Leafs
11-11-2023,7:30 PM,Washington Capitals,New York Islanders
11-11-2023,7:30 PM,Buffalo Sabres,Pittsburgh Penguins
11-11-2023,8:00 PM,Arizona Coyotes,Nashville Predators
11-11-2023,9:00 PM,St. Louis Blues,Colorado Avalanche
11-11-2023,10:00 PM,Edmonton Oilers,Seattle Kraken
11-11-2023,10:30 PM,Philadelphia Flyers,Los Angeles Kings
11-12-2023,1:00 PM,Chicago Blackhawks,Florida Panthers
11-12-2023,6:00 PM,Dallas Stars,Minnesota Wild
11-12-2023,7:00 PM,Vancouver Canucks,Montreal Canadiens
11-12-2023,7:00 PM,Columbus Blue Jackets,New York Rangers
11-12-2023,8:00 PM,San Jose Sharks,Anaheim Ducks
11-13-2023,8:30 PM,New York Islanders,Edmonton Oilers
11-13-2023,10:00 PM,Colorado Avalanche,Seattle Kraken
11-14-2023,7:00 PM,Boston Bruins,Buffalo Sabres
11-14-2023,7:00 PM,Pittsburgh Penguins,Columbus Blue Jackets
11-14-2023,7:00 PM,Calgary Flames,Montreal Canadiens
11-14-2023,7:00 PM,Vegas Golden Knights,Washington Capitals
11-14-2023,8:00 PM,Arizona Coyotes,Dallas Stars
11-14-2023,8:00 PM,Anaheim Ducks,Nashville Predators
11-14-2023,8:00 PM,Tampa Bay Lightning,St. Louis Blues
11-14-2023,8:00 PM,New Jersey Devils,Winnipeg Jets
11-14-2023,10:30 PM,Florida Panthers,San Jose Sharks
11-15-2023,7:30 PM,Philadelphia Flyers,Carolina Hurricanes
11-15-2023,8:30 PM,Seattle Kraken,Edmonton Oilers
11-15-2023,9:00 PM,Anaheim Ducks,Colorado Avalanche
11-15-2023,10:30 PM,New York Islanders,Vancouver Canucks
11-16-2023,2:00 PM,Detroit Red Wings,Ottawa Senators
11-16-2023,7:00 PM,Arizona Coyotes,Columbus Blue Jackets
11-16-2023,7:00 PM,Vegas Golden Knights,Montreal Canadiens
11-16-2023,7:00 PM,New Jersey Devils,Pittsburgh Penguins
11-16-2023,8:30 PM,Tampa Bay Lightning,Chicago Blackhawks
11-16-2023,9:00 PM,Vancouver Canucks,Calgary Flames
11-16-2023,10:00 PM,New York Islanders,Seattle Kraken
11-16-2023,10:30 PM,Florida Panthers,Los Angeles Kings
11-16-2023,10:30 PM,St. Louis Blues,San Jose Sharks
11-17-2023,2:00 PM,Toronto Maple Leafs,Detroit Red Wings
11-17-2023,8:00 PM,Buffalo Sabres,Winnipeg Jets
11-17-2023,10:00 PM,Florida Panthers,Anaheim Ducks
11-18-2023,11:00 AM,Minnesota Wild,Ottawa Senators
11-18-2023,1:00 PM,Vegas Golden Knights,Philadelphia Flyers
11-18-2023,2:00 PM,Chicago Blackhawks,Nashville Predators
11-18-2023,4:00 PM,Edmonton Oilers,Tampa Bay Lightning
11-18-2023,7:00 PM,Montreal Canadiens,Boston Bruins
11-18-2023,7:00 PM,Pittsburgh Penguins,Carolina Hurricanes
11-18-2023,7:00 PM,New York Islanders,Calgary Flames
11-18-2023,7:00 PM,New York Rangers,New Jersey Devils
11-18-2023,7:00 PM,Arizona Coyotes,Winnipeg Jets
11-18-2023,7:30 PM,Columbus Blue Jackets,Washington Capitals
11-18-2023,9:00 PM,Colorado Avalanche,Dallas Stars
11-18-2023,10:00 PM,Seattle Kraken,Vancouver Canucks
11-18-2023,10:30 PM,St. Louis Blues,Los Angeles Kings
11-19-2023,8:00 AM,Toronto Maple Leafs,Minnesota Wild
11-19-2023,5:30 PM,Columbus Blue Jackets,Philadelphia Flyers
11-19-2023,6:00 PM,Vegas Golden Knights,Pittsburgh Penguins
11-19-2023,7:00 PM,Buffalo Sabres,Chicago Blackhawks
11-19-2023,8:00 PM,St. Louis Blues,Anaheim Ducks
11-20-2023,7:00 PM,Edmonton Oilers,Florida Panthers
11-20-2023,7:00 PM,Boston Bruins,Tampa Bay Lightning
11-20-2023,8:00 PM,New York Rangers,Dallas Stars
11-20-2023,8:00 PM,Colorado Avalanche,Nashville Predators
11-20-2023,9:00 PM,Los Angeles Kings,Arizona Coyotes
11-20-2023,10:00 PM,Calgary Flames,Seattle Kraken
11-20-2023,10:00 PM,San Jose Sharks,Vancouver Canucks
11-22-2023,7:00 PM,Edmonton Oilers,Carolina Hurricanes
11-22-2023,7:00 PM,Chicago Blackhawks,Columbus Blue Jackets
11-22-2023,7:00 PM,New Jersey Devils,Detroit Red Wings
11-22-2023,7:00 PM,Boston Bruins,Florida Panthers
11-22-2023,7:00 PM,New York Rangers,Pittsburgh Penguins
11-22-2023,7:00 PM,Winnipeg Jets,Tampa Bay Lightning
11-22-2023,7:00 PM,Buffalo Sabres,Washington Capitals
11-22-2023,7:30 PM,Philadelphia Flyers,New York Islanders
11-22-2023,9:00 PM,St. Louis Blues,Arizona Coyotes
11-22-2023,9:00 PM,Calgary Flames,Nashville Predators
11-22-2023,9:30 PM,Vegas Golden Knights,Dallas Stars
11-22-2023,10:00 PM,Montreal Canadiens,Anaheim Ducks
11-22-2023,10:00 PM,Vancouver Canucks,Colorado Avalanche
11-22-2023,10:00 PM,San Jose Sharks,Seattle Kraken
11-24-2023,1:00 PM,Detroit Red Wings,Boston Bruins
11-24-2023,1:00 PM,New York Rangers,Philadelphia Flyers
11-24-2023,2:00 PM,Toronto Maple Leafs,Chicago Blackhawks
11-24-2023,3:00 PM,Columbus Blue Jackets,New Jersey Devils
11-24-2023,3:00 PM,Nashville Predators,St. Louis Blues
11-24-2023,3:00 PM,Edmonton Oilers,Washington Capitals
11-24-2023,3:30 PM,Los Angeles Kings,Anaheim Ducks
11-24-2023,3:30 PM,Montreal Canadiens,San Jose Sharks
11-24-2023,6:00 PM,Pittsburgh Penguins,Buffalo Sabres
11-24-2023,7:30 PM,New York Islanders,Ottawa Senators
11-24-2023,8:00 PM,Tampa Bay Lightning,Carolina Hurricanes
11-24-2023,8:00 PM,Winnipeg Jets,Florida Panthers
11-24-2023,8:30 PM,Calgary Flames,Dallas Stars
11-24-2023,8:30 PM,Colorado Avalanche,Minnesota Wild
11-24-2023,10:00 PM,Vancouver Canucks,Seattle Kraken
11-25-2023,1:00 PM,Boston Bruins,New York Rangers
11-25-2023,4:00 PM,Montreal Canadiens,Los Angeles Kings
11-25-2023,7:00 PM,Buffalo Sabres,New Jersey Devils
11-25-2023,7:00 PM,Toronto Maple Leafs,Pittsburgh Penguins
11-25-2023,7:30 PM,Philadelphia Flyers,New York Islanders
11-25-2023,10:00 PM,Calgary Flames,Colorado Avalanche
11-25-2023,10:00 PM,Vancouver Canucks,San Jose Sharks
11-25-2023,10:00 PM,Arizona Coyotes,Vegas Golden Knights
11-26-2023,1:00 PM,Minnesota Wild,Detroit Red Wings
11-26-2023,2:00 PM,St. Louis Blues,Chicago Blackhawks
11-26-2023,5:00 PM,Columbus Blue Jackets,Carolina Hurricanes
11-26-2023,8:00 PM,Winnipeg Jets,Nashville Predators
11-26-2023,9:00 PM,Anaheim Ducks,Edmonton Oilers
11-27-2023,7:00 PM,Boston Bruins,Columbus Blue Jackets
11-27-2023,7:00 PM,Buffalo Sabres,New York Rangers
11-27-2023,7:00 PM,Florida Panthers,Ottawa Senators
11-27-2023,9:00 PM,Tampa Bay Lightning,Colorado Avalanche
11-27-2023,9:30 PM,Vegas Golden Knights,Calgary Flames
11-27-2023,10:30 PM,Washington Capitals,San Jose Sharks
11-28-2023,7:00 PM,New York Islanders,New Jersey Devils
11-28-2023,7:00 PM,Carolina Hurricanes,Philadelphia Flyers
11-28-2023,7:00 PM,Florida Panthers,Toronto Maple Leafs
11-28-2023,8:00 PM,St. Louis Blues,Minnesota Wild
11-28-2023,8:00 PM,Pittsburgh Penguins,Nashville Predators
11-28-2023,8:00 PM,Dallas Stars,Winnipeg Jets
11-28-2023,8:30 PM,Seattle Kraken,Chicago Blackhawks
11-28-2023,9:00 PM,Tampa Bay Lightning,Arizona Coyotes
11-28-2023,9:00 PM,Vegas Golden Knights,Edmonton Oilers
11-28-2023,10:00 PM,Anaheim Ducks,Vancouver Canucks
11-29-2023,7:00 PM,Montreal Canadiens,Columbus Blue Jackets
11-29-2023,7:30 PM,Detroit Red Wings,New York Rangers
11-29-2023,10:30 PM,Washington Capitals,Los Angeles Kings
11-30-2023,7:00 PM,San Jose Sharks,Boston Bruins
11-30-2023,7:00 PM,New York Islanders,Carolina Hurricanes
11-30-2023,7:00 PM,Chicago Blackhawks,Detroit Red Wings
11-30-2023,7:00 PM,Florida Panthers,Montreal Canadiens
11-30-2023,7:00 PM,New Jersey Devils,Philadelphia Flyers
11-30-2023,7:00 PM,Pittsburgh Penguins,Tampa Bay Lightning
11-30-2023,7:00 PM,Seattle Kraken,Toronto Maple Leafs
11-30-2023,8:00 PM,Minnesota Wild,Nashville Predators
11-30-2023,8:00 PM,Buffalo Sabres,St. Louis Blues
11-30-2023,8:00 PM,Edmonton Oilers,Winnipeg Jets
11-30-2023,9:00 PM,Colorado Avalanche,Arizona Coyotes
11-30-2023,9:00 PM,Dallas Stars,Calgary Flames
11-30-2023,10:00 PM,Washington Capitals,Anaheim Ducks
11-30-2023,10:00 PM,Vegas Golden Knights,Vancouver Canucks
12-1-2023,7:00 PM,Ottawa Senators,Columbus Blue Jackets
12-1-2023,7:00 PM,San Jose Sharks,New Jersey Devils
12-2-2023,2:00 PM,Tampa Bay Lightning,Dallas Stars
12-2-2023,3:00 PM,Chicago Blackhawks,Winnipeg Jets
12-2-2023,4:30 PM,New York Rangers,Nashville Predators
12-2-2023,6:00 PM,New York Islanders,Florida Panthers
12-2-2023,7:00 PM,Buffalo Sabres,Carolina Hurricanes
12-2-2023,7:00 PM,Detroit Red Wings,Montreal Canadiens
12-2-2023,7:00 PM,Seattle Kraken,Ottawa Senators
12-2-2023,7:00 PM,Philadelphia Flyers,Pittsburgh Penguins
12-2-2023,7:00 PM,Boston Bruins,Toronto Maple Leafs
12-2-2023,9:00 PM,St. Louis Blues,Arizona Coyotes
12-2-2023,10:00 PM,Colorado Avalanche,Anaheim Ducks
12-2-2023,10:00 PM,Vancouver Canucks,Calgary Flames
12-2-2023,10:00 PM,Washington Capitals,Vegas Golden Knights
12-3-2023,2:00 PM,Chicago Blackhawks,Minnesota Wild
12-3-2023,6:00 PM,San Jose Sharks,New York Rangers
12-3-2023,7:00 PM,Columbus Blue Jackets,Boston Bruins
12-3-2023,7:00 PM,Nashville Predators,Buffalo Sabres
12-3-2023,8:00 PM,Colorado Avalanche,Los Angeles Kings
12-4-2023,7:00 PM,Pittsburgh Penguins,Philadelphia Flyers
12-4-2023,7:00 PM,Dallas Stars,Tampa Bay Lightning
12-4-2023,7:30 PM,Seattle Kraken,Montreal Canadiens
12-4-2023,7:30 PM,Carolina Hurricanes,Winnipeg Jets
12-4-2023,9:00 PM,Washington Capitals,Arizona Coyotes
12-4-2023,10:00 PM,St. Louis Blues,Vegas Golden Knights
12-5-2023,7:00 PM,Detroit Red Wings,Buffalo Sabres
12-5-2023,7:00 PM,Los Angeles Kings,Columbus Blue Jackets
12-5-2023,7:00 PM,New York Rangers,Ottawa Senators
12-5-2023,7:30 PM,San Jose Sharks,New York Islanders
12-5-2023,8:30 PM,Nashville Predators,Chicago Blackhawks
12-5-2023,9:00 PM,Minnesota Wild,Calgary Flames
12-5-2023,9:00 PM,Anaheim Ducks,Colorado Avalanche
12-5-2023,10:00 PM,New Jersey Devils,Vancouver Canucks
12-6-2023,7:00 PM,Dallas Stars,Florida Panthers
12-6-2023,7:00 PM,Pittsburgh Penguins,Tampa Bay Lightning
12-6-2023,9:00 PM,Vegas Golden Knights,St. Louis Blues
12-6-2023,9:30 PM,Carolina Hurricanes,Edmonton Oilers
12-7-2023,7:00 PM,Buffalo Sabres,Boston Bruins
12-7-2023,7:00 PM,San Jose Sharks,Detroit Red Wings
12-7-2023,7:00 PM,Los Angeles Kings,Montreal Canadiens
12-7-2023,7:00 PM,Toronto Maple Leafs,Ottawa Senators
12-7-2023,7:00 PM,Dallas Stars,Washington Capitals
12-7-2023,7:30 PM,Columbus Blue Jackets,New York Islanders
12-7-2023,8:00 PM,Tampa Bay Lightning,Nashville Predators
12-7-2023,8:30 PM,Anaheim Ducks,Chicago Blackhawks
12-7-2023,9:00 PM,Philadelphia Flyers,Arizona Coyotes
12-7-2023,9:00 PM,Carolina Hurricanes,Calgary Flames
12-7-2023,9:00 PM,Winnipeg Jets,Colorado Avalanche
12-7-2023,10:00 PM,New Jersey Devils,Seattle Kraken
12-7-2023,10:00 PM,Minnesota Wild,Vancouver Canucks
12-8-2023,7:00 PM,St. Louis Blues,Columbus Blue Jackets
12-8-2023,7:00 PM,Pittsburgh Penguins,Florida Panthers
12-8-2023,9:00 PM,Minnesota Wild,Edmonton Oilers
12-9-2023,1:00 PM,Arizona Coyotes,Boston Bruins
12-9-2023,4:00 PM,New Jersey Devils,Calgary Flames
12-9-2023,4:00 PM,Vegas Golden Knights,Dallas Stars
12-9-2023,7:00 PM,Montreal Canadiens,Buffalo Sabres
12-9-2023,7:00 PM,Ottawa Senators,Detroit Red Wings
12-9-2023,7:00 PM,Nashville Predators,Toronto Maple Leafs
12-9-2023,7:00 PM,New York Rangers,Washington Capitals
12-9-2023,7:30 PM,Los Angeles Kings,New York Islanders
12-9-2023,8:00 PM,St. Louis Blues,Chicago Blackhawks
12-9-2023,9:00 PM,Philadelphia Flyers,Colorado Avalanche
12-9-2023,10:00 PM,Tampa Bay Lightning,Seattle Kraken
12-9-2023,10:00 PM,Carolina Hurricanes,Vancouver Canucks
12-10-2023,1:00 PM,Florida Panthers,Columbus Blue Jackets
12-10-2023,4:00 PM,New Jersey Devils,Edmonton Oilers
12-10-2023,7:00 PM,Washington Capitals,Chicago Blackhawks
12-10-2023,7:00 PM,Nashville Predators,Montreal Canadiens
12-10-2023,7:00 PM,Los Angeles Kings,New York Rangers
12-10-2023,8:00 PM,Winnipeg Jets,Anaheim Ducks
12-10-2023,9:00 PM,Minnesota Wild,Seattle Kraken
12-10-2023,10:00 PM,San Jose Sharks,Vegas Golden Knights
12-11-2023,7:00 PM,Arizona Coyotes,Buffalo Sabres
12-11-2023,7:00 PM,Toronto Maple Leafs,New York Islanders
12-11-2023,8:00 PM,Detroit Red Wings,Dallas Stars
12-11-2023,9:30 PM,Calgary Flames,Colorado Avalanche
12-12-2023,7:00 PM,Toronto Maple Leafs,New York Rangers
12-12-2023,7:00 PM,Carolina Hurricanes,Ottawa Senators
12-12-2023,7:00 PM,Arizona Coyotes,Pittsburgh Penguins
12-12-2023,8:00 PM,Philadelphia Flyers,Nashville Predators
12-12-2023,8:00 PM,Detroit Red Wings,St. Louis Blues
12-12-2023,10:00 PM,Chicago Blackhawks,Edmonton Oilers
12-12-2023,10:00 PM,Florida Panthers,Seattle Kraken
12-12-2023,10:00 PM,Tampa Bay Lightning,Vancouver Canucks
12-12-2023,10:00 PM,Calgary Flames,Vegas Golden Knights
12-12-2023,10:30 PM,Winnipeg Jets,San Jose Sharks
12-13-2023,7:00 PM,Pittsburgh Penguins,Montreal Canadiens
12-13-2023,7:30 PM,Boston Bruins,New Jersey Devils
12-13-2023,7:30 PM,Anaheim Ducks,New York Islanders
12-13-2023,10:00 PM,Buffalo Sabres,Colorado Avalanche
12-13-2023,10:30 PM,Winnipeg Jets,Los Angeles Kings
12-14-2023,7:00 PM,Carolina Hurricanes,Detroit Red Wings
12-14-2023,7:00 PM,Washington Capitals,Philadelphia Flyers
12-14-2023,7:00 PM,Columbus Blue Jackets,Toronto Maple Leafs
12-14-2023,8:00 PM,Calgary Flames,Minnesota Wild
12-14-2023,8:00 PM,Ottawa Senators,St. Louis Blues
12-14-2023,9:00 PM,Tampa Bay Lightning,Edmonton Oilers
12-14-2023,10:00 PM,Chicago Blackhawks,Seattle Kraken
12-14-2023,10:00 PM,Florida Panthers,Vancouver Canucks
12-15-2023,7:00 PM,Nashville Predators,Carolina Hurricanes
12-15-2023,7:00 PM,Anaheim Ducks,New York Rangers
12-15-2023,7:30 PM,Boston Bruins,New York Islanders
12-15-2023,8:00 PM,Ottawa Senators,Dallas Stars
12-15-2023,9:00 PM,San Jose Sharks,Arizona Coyotes
12-15-2023,10:00 PM,Buffalo Sabres,Vegas Golden Knights
12-16-2023,2:00 PM,Vancouver Canucks,Minnesota Wild
12-16-2023,7:00 PM,New York Rangers,Boston Bruins
12-16-2023,7:00 PM,New Jersey Devils,Columbus Blue Jackets
12-16-2023,7:00 PM,New York Islanders,Montreal Canadiens
12-16-2023,7:00 PM,Detroit Red Wings,Philadelphia Flyers
12-16-2023,7:00 PM,Pittsburgh Penguins,Toronto Maple Leafs
12-16-2023,7:00 PM,Colorado Avalanche,Winnipeg Jets
12-16-2023,8:00 PM,Washington Capitals,Nashville Predators
12-16-2023,8:00 PM,Dallas Stars,St. Louis Blues
12-16-2023,9:00 PM,Buffalo Sabres,Arizona Coyotes
12-16-2023,10:00 PM,Tampa Bay Lightning,Calgary Flames
12-16-2023,10:00 PM,Florida Panthers,Edmonton Oilers
12-16-2023,10:00 PM,Los Angeles Kings,Seattle Kraken
12-17-2023,3:00 PM,Vancouver Canucks,Chicago Blackhawks
12-17-2023,6:00 PM,Washington Capitals,Carolina Hurricanes
12-17-2023,7:00 PM,Anaheim Ducks,New Jersey Devils
12-17-2023,8:00 PM,San Jose Sharks,Colorado Avalanche
12-17-2023,8:00 PM,Ottawa Senators,Vegas Golden Knights
12-18-2023,7:00 PM,Anaheim Ducks,Detroit Red Wings
12-18-2023,7:00 PM,Minnesota Wild,Pittsburgh Penguins
12-18-2023,7:30 PM,Montreal Canadiens,Winnipeg Jets
12-18-2023,8:00 PM,Seattle Kraken,Dallas Stars
12-18-2023,9:30 PM,Florida Panthers,Calgary Flames
12-19-2023,7:00 PM,Minnesota Wild,Boston Bruins
12-19-2023,7:00 PM,Columbus Blue Jackets,Buffalo Sabres
12-19-2023,7:00 PM,Vegas Golden Knights,Carolina Hurricanes
12-19-2023,7:00 PM,Philadelphia Flyers,New Jersey Devils
12-19-2023,7:00 PM,St. Louis Blues,Tampa Bay Lightning
12-19-2023,7:00 PM,New York Rangers,Toronto Maple Leafs
12-19-2023,7:30 PM,Edmonton Oilers,New York Islanders
12-19-2023,8:00 PM,Vancouver Canucks,Nashville Predators
12-19-2023,8:30 PM,Colorado Avalanche,Chicago Blackhawks
12-19-2023,9:00 PM,Ottawa Senators,Arizona Coyotes
12-19-2023,10:30 PM,Los Angeles Kings,San Jose Sharks
12-20-2023,7:30 PM,Detroit Red Wings,Winnipeg Jets
12-20-2023,7:30 PM,New York Islanders,Washington Capitals
12-20-2023,10:00 PM,Seattle Kraken,Los Angeles Kings
12-21-2023,7:00 PM,Toronto Maple Leafs,Buffalo Sabres
12-21-2023,7:00 PM,Washington Capitals,Columbus Blue Jackets
12-21-2023,7:00 PM,St. Louis Blues,Florida Panthers
12-21-2023,7:00 PM,Edmonton Oilers,New Jersey Devils
12-21-2023,7:00 PM,Nashville Predators,Philadelphia Flyers
12-21-2023,7:00 PM,Carolina Hurricanes,Pittsburgh Penguins
12-21-2023,7:00 PM,Vegas Golden Knights,Tampa Bay Lightning
12-21-2023,8:00 PM,Vancouver Canucks,Dallas Stars
12-21-2023,8:00 PM,Montreal Canadiens,Minnesota Wild
12-21-2023,9:00 PM,Ottawa Senators,Colorado Avalanche
12-21-2023,10:00 PM,Calgary Flames,Anaheim Ducks
12-21-2023,10:30 PM,Arizona Coyotes,San Jose Sharks
12-22-2023,7:00 PM,Philadelphia Flyers,Detroit Red Wings
12-22-2023,7:00 PM,Edmonton Oilers,New York Rangers
12-22-2023,8:00 PM,Boston Bruins,Winnipeg Jets
12-22-2023,8:30 PM,Montreal Canadiens,Chicago Blackhawks
12-23-2023,3:00 PM,Vegas Golden Knights,Florida Panthers
12-23-2023,3:00 PM,Dallas Stars,Nashville Predators
12-23-2023,7:00 PM,New York Islanders,Carolina Hurricanes
12-23-2023,7:00 PM,Toronto Maple Leafs,Columbus Blue Jackets
12-23-2023,7:00 PM,Boston Bruins,Minnesota Wild
12-23-2023,7:00 PM,Detroit Red Wings,New Jersey Devils
12-23-2023,7:00 PM,Pittsburgh Penguins,Ottawa Senators
12-23-2023,7:00 PM,Tampa Bay Lightning,Washington Capitals
12-23-2023,7:30 PM,Buffalo Sabres,New York Rangers
12-23-2023,8:00 PM,Seattle Kraken,Anaheim Ducks
12-23-2023,8:00 PM,Chicago Blackhawks,St. Louis Blues
12-23-2023,9:00 PM,Arizona Coyotes,Colorado Avalanche
12-23-2023,10:00 PM,Calgary Flames,Los Angeles Kings
12-23-2023,10:00 PM,San Jose Sharks,Vancouver Canucks
12-27-2023,7:00 PM,Columbus Blue Jackets,New Jersey Devils
12-27-2023,7:00 PM,Washington Capitals,New York Rangers
12-27-2023,7:00 PM,Florida Panthers,Tampa Bay Lightning
12-27-2023,7:00 PM,Ottawa Senators,Toronto Maple Leafs
12-27-2023,7:30 PM,Boston Bruins,Buffalo Sabres
12-27-2023,7:30 PM,Pittsburgh Penguins,New York Islanders
12-27-2023,8:00 PM,Detroit Red Wings,Minnesota Wild
12-27-2023,8:00 PM,Carolina Hurricanes,Nashville Predators
12-27-2023,8:00 PM,Dallas Stars,St. Louis Blues
12-27-2023,9:00 PM,Colorado Avalanche,Arizona Coyotes
12-27-2023,9:00 PM,Winnipeg Jets,Chicago Blackhawks
12-27-2023,9:30 PM,Seattle Kraken,Calgary Flames
12-27-2023,10:00 PM,Vegas Golden Knights,Anaheim Ducks
12-27-2023,10:00 PM,San Jose Sharks,Los Angeles Kings
12-28-2023,7:00 PM,Montreal Canadiens,Carolina Hurricanes
12-28-2023,10:00 PM,Philadelphia Flyers,Vancouver Canucks
12-28-2023,10:00 PM,Los Angeles Kings,Vegas Golden Knights
12-28-2023,10:30 PM,Edmonton Oilers,San Jose Sharks
12-29-2023,7:00 PM,Toronto Maple Leafs,Columbus Blue Jackets
12-29-2023,7:00 PM,Nashville Predators,Detroit Red Wings
12-29-2023,7:00 PM,New York Rangers,Florida Panthers
12-29-2023,7:00 PM,New Jersey Devils,Ottawa Senators
12-29-2023,7:30 PM,Washington Capitals,New York Islanders
12-29-2023,8:00 PM,Chicago Blackhawks,Dallas Stars
12-29-2023,8:00 PM,Colorado Avalanche,St. Louis Blues
12-29-2023,10:00 PM,Arizona Coyotes,Anaheim Ducks
12-29-2023,10:00 PM,Philadelphia Flyers,Seattle Kraken
12-30-2023,3:00 PM,Minnesota Wild,Winnipeg Jets
12-30-2023,5:00 PM,Columbus Blue Jackets,Buffalo Sabres
12-30-2023,7:00 PM,New Jersey Devils,Boston Bruins
12-30-2023,7:00 PM,Montreal Canadiens,Florida Panthers
12-30-2023,7:00 PM,St. Louis Blues,Pittsburgh Penguins
12-30-2023,7:00 PM,New York Rangers,Tampa Bay Lightning
12-30-2023,7:00 PM,Carolina Hurricanes,Toronto Maple Leafs
12-30-2023,7:00 PM,Nashville Predators,Washington Capitals
12-30-2023,10:00 PM,Edmonton Oilers,Los Angeles Kings
12-31-2023,2:00 PM,Winnipeg Jets,Minnesota Wild
12-31-2023,5:00 PM,Boston Bruins,Detroit Red Wings
12-31-2023,6:00 PM,Buffalo Sabres,Ottawa Senators
12-31-2023,6:00 PM,New York Islanders,Pittsburgh Penguins
12-31-2023,7:00 PM,Montreal Canadiens,Tampa Bay Lightning
12-31-2023,8:00 PM,Edmonton Oilers,Anaheim Ducks
12-31-2023,8:00 PM,Philadelphia Flyers,Calgary Flames
12-31-2023,8:00 PM,San Jose Sharks,Colorado Avalanche
12-31-2023,8:00 PM,Chicago Blackhawks,Dallas Stars
1-1-2024,3:00 PM,Vegas Golden Knights,Seattle Kraken
1-2-2024,7:00 PM,Boston Bruins,Columbus Blue Jackets
1-2-2024,7:00 PM,Carolina Hurricanes,New York Rangers
1-2-2024,7:00 PM,Washington Capitals,Pittsburgh Penguins
1-2-2024,8:00 PM,Montreal Canadiens,Dallas Stars
1-2-2024,8:00 PM,Calgary Flames,Minnesota Wild
1-2-2024,8:00 PM,Chicago Blackhawks,Nashville Predators
1-2-2024,8:00 PM,Tampa Bay Lightning,Winnipeg Jets
1-2-2024,9:00 PM,Florida Panthers,Arizona Coyotes
1-2-2024,9:00 PM,New York Islanders,Colorado Avalanche
1-2-2024,9:00 PM,Philadelphia Flyers,Edmonton Oilers
1-2-2024,10:00 PM,Ottawa Senators,Vancouver Canucks
1-2-2024,10:30 PM,Toronto Maple Leafs,Los Angeles Kings
1-2-2024,10:30 PM,Detroit Red Wings,San Jose Sharks
1-3-2024,7:30 PM,New Jersey Devils,Washington Capitals
1-3-2024,9:00 PM,Toronto Maple Leafs,Anaheim Ducks
1-4-2024,7:00 PM,Pittsburgh Penguins,Boston Bruins
1-4-2024,7:00 PM,Buffalo Sabres,Montreal Canadiens
1-4-2024,7:00 PM,Chicago Blackhawks,New York Rangers
1-4-2024,7:00 PM,Columbus Blue Jackets,Philadelphia Flyers
1-4-2024,8:00 PM,Colorado Avalanche,Dallas Stars
1-4-2024,8:00 PM,Tampa Bay Lightning,Minnesota Wild
1-4-2024,8:00 PM,Calgary Flames,Nashville Predators
1-4-2024,8:00 PM,Vancouver Canucks,St. Louis Blues
1-4-2024,9:00 PM,New York Islanders,Arizona Coyotes
1-4-2024,10:00 PM,Ottawa Senators,Seattle Kraken
1-4-2024,10:00 PM,Florida Panthers,Vegas Golden Knights
1-4-2024,10:30 PM,Detroit Red Wings,Los Angeles Kings
1-4-2024,10:30 PM,Winnipeg Jets,San Jose Sharks
1-5-2024,7:00 PM,Chicago Blackhawks,New Jersey Devils
1-5-2024,7:00 PM,Carolina Hurricanes,Washington Capitals
1-5-2024,10:00 PM,Winnipeg Jets,Anaheim Ducks
1-6-2024,1:00 PM,Calgary Flames,Philadelphia Flyers
1-6-2024,4:00 PM,Florida Panthers,Colorado Avalanche
1-6-2024,7:00 PM,Tampa Bay Lightning,Boston Bruins
1-6-2024,7:00 PM,St. Louis Blues,Carolina Hurricanes
1-6-2024,7:00 PM,Minnesota Wild,Columbus Blue Jackets
1-6-2024,7:00 PM,New York Rangers,Montreal Canadiens
1-6-2024,7:00 PM,Vancouver Canucks,New Jersey Devils
1-6-2024,7:00 PM,Buffalo Sabres,Pittsburgh Penguins
1-6-2024,7:00 PM,Toronto Maple Leafs,San Jose Sharks
1-6-2024,8:00 PM,Nashville Predators,Dallas Stars
1-6-2024,10:00 PM,Ottawa Senators,Edmonton Oilers
1-6-2024,10:00 PM,New York Islanders,Vegas Golden Knights
1-7-2024,3:00 PM,Calgary Flames,Chicago Blackhawks
1-7-2024,3:00 PM,Los Angeles Kings,Washington Capitals
1-7-2024,7:00 PM,Winnipeg Jets,Arizona Coyotes
1-7-2024,8:00 PM,Detroit Red Wings,Anaheim Ducks
1-8-2024,7:00 PM,Vancouver Canucks,New York Rangers
1-8-2024,7:00 PM,Pittsburgh Penguins,Philadelphia Flyers
1-8-2024,8:00 PM,Dallas Stars,Minnesota Wild
1-8-2024,9:00 PM,Boston Bruins,Colorado Avalanche
1-9-2024,7:00 PM,Seattle Kraken,Buffalo Sabres
1-9-2024,7:00 PM,Los Angeles Kings,Tampa Bay Lightning
1-9-2024,7:00 PM,San Jose Sharks,Toronto Maple Leafs
1-9-2024,7:30 PM,Vancouver Canucks,New York Islanders
1-9-2024,8:00 PM,Anaheim Ducks,Nashville Predators
1-9-2024,8:00 PM,Florida Panthers,St. Louis Blues
1-9-2024,8:00 PM,Columbus Blue Jackets,Winnipeg Jets
1-9-2024,8:30 PM,Edmonton Oilers,Chicago Blackhawks
1-9-2024,9:00 PM,Boston Bruins,Arizona Coyotes
1-9-2024,9:00 PM,Ottawa Senators,Calgary Flames
1-10-2024,7:00 PM,Montreal Canadiens,Philadelphia Flyers
1-10-2024,7:30 PM,Minnesota Wild,Dallas Stars
1-10-2024,10:00 PM,Vegas Golden Knights,Colorado Avalanche
1-11-2024,7:00 PM,Ottawa Senators,Buffalo Sabres
1-11-2024,7:00 PM,Anaheim Ducks,Carolina Hurricanes
1-11-2024,7:00 PM,Edmonton Oilers,Detroit Red Wings
1-11-2024,7:00 PM,Los Angeles Kings,Florida Panthers
1-11-2024,7:00 PM,San Jose Sharks,Montreal Canadiens
1-11-2024,7:00 PM,Vancouver Canucks,Pittsburgh Penguins
1-11-2024,7:00 PM,New Jersey Devils,Tampa Bay Lightning
1-11-2024,7:00 PM,Seattle Kraken,Washington Capitals
1-11-2024,7:30 PM,Toronto Maple Leafs,New York Islanders
1-11-2024,8:00 PM,New York Rangers,St. Louis Blues
1-11-2024,8:00 PM,Chicago Blackhawks,Winnipeg Jets
1-11-2024,9:00 PM,Calgary Flames,Arizona Coyotes
1-11-2024,10:00 PM,Boston Bruins,Vegas Golden Knights
1-12-2024,8:00 PM,Nashville Predators,Dallas Stars
1-12-2024,8:00 PM,Philadelphia Flyers,Minnesota Wild
1-13-2024,1:00 PM,New York Rangers,Washington Capitals
1-13-2024,4:00 PM,Vancouver Canucks,Buffalo Sabres
1-13-2024,4:00 PM,San Jose Sharks,Ottawa Senators
1-13-2024,6:00 PM,New Jersey Devils,Florida Panthers
1-13-2024,7:00 PM,Pittsburgh Penguins,Carolina Hurricanes
1-13-2024,7:00 PM,Seattle Kraken,Columbus Blue Jackets
1-13-2024,7:00 PM,Los Angeles Kings,Detroit Red Wings
1-13-2024,7:00 PM,Edmonton Oilers,Montreal Canadiens
1-13-2024,7:00 PM,Anaheim Ducks,Tampa Bay Lightning
1-13-2024,7:00 PM,Colorado Avalanche,Toronto Maple Leafs
1-13-2024,7:00 PM,Philadelphia Flyers,Winnipeg Jets
1-13-2024,8:00 PM,Dallas Stars,Chicago Blackhawks
1-13-2024,8:00 PM,Arizona Coyotes,Minnesota Wild
1-13-2024,8:00 PM,New York Islanders,Nashville Predators
1-13-2024,8:00 PM,Boston Bruins,St. Louis Blues
1-13-2024,10:00 PM,Calgary Flames,Vegas Golden Knights
1-14-2024,1:00 PM,Washington Capitals,New York Rangers
1-14-2024,7:00 PM,Detroit Red Wings,Toronto Maple Leafs
1-15-2024,1:00 PM,New Jersey Devils,Boston Bruins
1-15-2024,1:00 PM,San Jose Sharks,Buffalo Sabres
1-15-2024,1:00 PM,Vancouver Canucks,Columbus Blue Jackets
1-15-2024,1:00 PM,Anaheim Ducks,Florida Panthers
1-15-2024,3:00 PM,Los Angeles Kings,Carolina Hurricanes
1-15-2024,6:00 PM,New York Islanders,Minnesota Wild
1-15-2024,6:00 PM,Seattle Kraken,Pittsburgh Penguins
1-15-2024,7:00 PM,Colorado Avalanche,Montreal Canadiens
1-15-2024,8:00 PM,Philadelphia Flyers,St. Louis Blues
1-15-2024,10:00 PM,Nashville Predators,Vegas Golden Knights
1-16-2024,7:00 PM,Seattle Kraken,New York Rangers
1-16-2024,7:00 PM,Colorado Avalanche,Ottawa Senators
1-16-2024,7:00 PM,Anaheim Ducks,Washington Capitals
1-16-2024,8:00 PM,Los Angeles Kings,Dallas Stars
1-16-2024,8:00 PM,New York Islanders,Winnipeg Jets
1-16-2024,8:30 PM,San Jose Sharks,Chicago Blackhawks
1-16-2024,9:00 PM,Arizona Coyotes,Calgary Flames
1-16-2024,9:00 PM,Toronto Maple Leafs,Edmonton Oilers
1-17-2024,7:00 PM,Detroit Red Wings,Florida Panthers
1-17-2024,7:00 PM,Montreal Canadiens,New Jersey Devils
1-17-2024,7:30 PM,Chicago Blackhawks,Buffalo Sabres
1-18-2024,7:00 PM,Colorado Avalanche,Boston Bruins
1-18-2024,7:00 PM,Montreal Canadiens,Ottawa Senators
1-18-2024,7:00 PM,Dallas Stars,Philadelphia Flyers
1-18-2024,7:00 PM,Minnesota Wild,Tampa Bay Lightning
1-18-2024,7:00 PM,St. Louis Blues,Washington Capitals
1-18-2024,9:00 PM,Toronto Maple Leafs,Calgary Flames
1-18-2024,9:00 PM,Seattle Kraken,Edmonton Oilers
1-18-2024,9:30 PM,Nashville Predators,Los Angeles Kings
1-18-2024,10:00 PM,Arizona Coyotes,Vancouver Canucks
1-18-2024,10:00 PM,New York Rangers,Vegas Golden Knights
1-19-2024,7:00 PM,Detroit Red Wings,Carolina Hurricanes
1-19-2024,7:00 PM,New Jersey Devils,Columbus Blue Jackets
1-19-2024,7:00 PM,Minnesota Wild,Florida Panthers
1-19-2024,8:30 PM,New York Islanders,Chicago Blackhawks
1-20-2024,12:30 PM,Tampa Bay Lightning,Buffalo Sabres
1-20-2024,1:00 PM,Colorado Avalanche,Philadelphia Flyers
1-20-2024,3:00 PM,Nashville Predators,Arizona Coyotes
1-20-2024,3:00 PM,Winnipeg Jets,Ottawa Senators
1-20-2024,7:00 PM,Montreal Canadiens,Boston Bruins
1-20-2024,7:00 PM,Dallas Stars,New Jersey Devils
1-20-2024,7:00 PM,Toronto Maple Leafs,Vancouver Canucks
1-20-2024,8:00 PM,Washington Capitals,St. Louis Blues
1-20-2024,10:00 PM,Edmonton Oilers,Calgary Flames
1-20-2024,10:00 PM,Anaheim Ducks,San Jose Sharks
1-20-2024,10:00 PM,Pittsburgh Penguins,Vegas Golden Knights
1-20-2024,10:30 PM,New York Rangers,Los Angeles Kings
1-21-2024,1:00 PM,Ottawa Senators,Philadelphia Flyers
1-21-2024,5:00 PM,Minnesota Wild,Carolina Hurricanes
1-21-2024,5:00 PM,Tampa Bay Lightning,Detroit Red Wings
1-21-2024,7:30 PM,Dallas Stars,New York Islanders
1-21-2024,8:30 PM,New York Rangers,Anaheim Ducks
1-21-2024,9:00 PM,Toronto Maple Leafs,Seattle Kraken
1-22-2024,7:00 PM,Winnipeg Jets,Boston Bruins
1-22-2024,7:00 PM,Vegas Golden Knights,New Jersey Devils
1-22-2024,8:00 PM,Florida Panthers,Nashville Predators
1-22-2024,9:00 PM,Pittsburgh Penguins,Arizona Coyotes
1-22-2024,10:00 PM,Chicago Blackhawks,Vancouver Canucks
1-22-2024,10:30 PM,San Jose Sharks,Los Angeles Kings
1-23-2024,7:00 PM,Dallas Stars,Detroit Red Wings
1-23-2024,7:00 PM,Ottawa Senators,Montreal Canadiens
1-23-2024,7:00 PM,Tampa Bay Lightning,Philadelphia Flyers
1-23-2024,7:30 PM,Vegas Golden Knights,New York Islanders
1-23-2024,8:00 PM,Washington Capitals,Minnesota Wild
1-23-2024,9:00 PM,St. Louis Blues,Calgary Flames
1-23-2024,9:00 PM,Columbus Blue Jackets,Edmonton Oilers
1-23-2024,10:00 PM,Buffalo Sabres,Anaheim Ducks
1-23-2024,10:30 PM,New York Rangers,San Jose Sharks
1-24-2024,7:00 PM,Arizona Coyotes,Florida Panthers
1-24-2024,7:00 PM,Winnipeg Jets,Toronto Maple Leafs
1-24-2024,7:30 PM,Carolina Hurricanes,Boston Bruins
1-24-2024,9:30 PM,Washington Capitals,Colorado Avalanche
1-24-2024,10:00 PM,Chicago Blackhawks,Seattle Kraken
1-24-2024,10:00 PM,St. Louis Blues,Vancouver Canucks
1-24-2024,10:30 PM,Buffalo Sabres,Los Angeles Kings
1-25-2024,7:00 PM,New Jersey Devils,Carolina Hurricanes
1-25-2024,7:00 PM,Philadelphia Flyers,Detroit Red Wings
1-25-2024,7:00 PM,New York Islanders,Montreal Canadiens
1-25-2024,7:00 PM,Boston Bruins,Ottawa Senators
1-25-2024,7:00 PM,Arizona Coyotes,Tampa Bay Lightning
1-25-2024,8:00 PM,Anaheim Ducks,Dallas Stars
1-25-2024,8:00 PM,Nashville Predators,Minnesota Wild
1-25-2024,9:00 PM,Columbus Blue Jackets,Calgary Flames
1-25-2024,9:00 PM,Chicago Blackhawks,Edmonton Oilers
1-26-2024,7:00 PM,Vegas Golden Knights,New York Rangers
1-26-2024,7:00 PM,Florida Panthers,Pittsburgh Penguins
1-26-2024,9:00 PM,Los Angeles Kings,Colorado Avalanche
1-26-2024,10:00 PM,St. Louis Blues,Seattle Kraken
1-27-2024,12:30 PM,Boston Bruins,Philadelphia Flyers
1-27-2024,2:00 PM,Washington Capitals,Dallas Stars
1-27-2024,4:00 PM,Nashville Predators,Edmonton Oilers
1-27-2024,4:00 PM,Buffalo Sabres,San Jose Sharks
1-27-2024,7:00 PM,Arizona Coyotes,Carolina Hurricanes
1-27-2024,7:00 PM,Vegas Golden Knights,Detroit Red Wings
1-27-2024,7:00 PM,New York Rangers,Ottawa Senators
1-27-2024,7:00 PM,Montreal Canadiens,Pittsburgh Penguins
1-27-2024,7:00 PM,New Jersey Devils,Tampa Bay Lightning
1-27-2024,7:00 PM,Toronto Maple Leafs,Winnipeg Jets
1-27-2024,7:30 PM,Florida Panthers,New York Islanders
1-27-2024,9:00 PM,Anaheim Ducks,Minnesota Wild
1-27-2024,10:00 PM,Chicago Blackhawks,Calgary Flames
1-27-2024,10:00 PM,Columbus Blue Jackets,Vancouver Canucks
1-28-2024,2:00 PM,Los Angeles Kings,St. Louis Blues
1-28-2024,9:00 PM,Columbus Blue Jackets,Seattle Kraken
1-29-2024,7:00 PM,Nashville Predators,Ottawa Senators
1-30-2024,8:00 PM,Columbus Blue Jackets,St. Louis Blues
1-30-2024,10:30 PM,Seattle Kraken,San Jose Sharks
1-31-2024,7:00 PM,Ottawa Senators,Detroit Red Wings
1-31-2024,7:30 PM,Los Angeles Kings,Nashville Predators
1-31-2024,10:00 PM,San Jose Sharks,Anaheim Ducks
2-5-2024,7:00 PM,Colorado Avalanche,New York Rangers
2-5-2024,7:00 PM,New York Islanders,Toronto Maple Leafs
2-6-2024,7:00 PM,Calgary Flames,Boston Bruins
2-6-2024,7:00 PM,Dallas Stars,Buffalo Sabres
2-6-2024,7:00 PM,Vancouver Canucks,Carolina Hurricanes
2-6-2024,7:00 PM,Philadelphia Flyers,Florida Panthers
2-6-2024,7:00 PM,Colorado Avalanche,New Jersey Devils
2-6-2024,7:00 PM,Winnipeg Jets,Pittsburgh Penguins
2-6-2024,7:00 PM,Montreal Canadiens,Washington Capitals
2-6-2024,10:00 PM,Edmonton Oilers,Vegas Golden Knights
2-7-2024,7:00 PM,Tampa Bay Lightning,New York Rangers
2-7-2024,7:00 PM,Dallas Stars,Toronto Maple Leafs
2-7-2024,9:30 PM,Minnesota Wild,Chicago Blackhawks
2-8-2024,7:00 PM,Vancouver Canucks,Boston Bruins
2-8-2024,7:00 PM,Washington Capitals,Florida Panthers
2-8-2024,7:00 PM,Calgary Flames,New Jersey Devils
2-8-2024,7:00 PM,Winnipeg Jets,Philadelphia Flyers
2-8-2024,7:30 PM,Tampa Bay Lightning,New York Islanders
2-8-2024,8:00 PM,Colorado Avalanche,Carolina Hurricanes
2-8-2024,9:00 PM,Vegas Golden Knights,Arizona Coyotes
2-9-2024,8:00 PM,Pittsburgh Penguins,Minnesota Wild
2-9-2024,8:30 PM,New York Rangers,Chicago Blackhawks
2-9-2024,10:00 PM,Edmonton Oilers,Anaheim Ducks
2-10-2024,1:00 PM,St. Louis Blues,Buffalo Sabres
2-10-2024,1:00 PM,Vancouver Canucks,Detroit Red Wings
2-10-2024,1:00 PM,Dallas Stars,Montreal Canadiens
2-10-2024,1:00 PM,Calgary Flames,New York Islanders
2-10-2024,3:30 PM,Washington Capitals,Boston Bruins
2-10-2024,6:00 PM,Colorado Avalanche,Florida Panthers
2-10-2024,7:00 PM,New Jersey Devils,Carolina Hurricanes
2-10-2024,7:00 PM,Tampa Bay Lightning,Columbus Blue Jackets
2-10-2024,7:00 PM,Toronto Maple Leafs,Ottawa Senators
2-10-2024,7:00 PM,Seattle Kraken,Philadelphia Flyers
2-10-2024,7:00 PM,Pittsburgh Penguins,Winnipeg Jets
2-10-2024,8:00 PM,Arizona Coyotes,Nashville Predators
2-10-2024,10:00 PM,Edmonton Oilers,Los Angeles Kings
2-11-2024,1:00 PM,St. Louis Blues,Montreal Canadiens
2-11-2024,1:30 PM,Vancouver Canucks,Washington Capitals
2-12-2024,7:00 PM,Seattle Kraken,New Jersey Devils
2-12-2024,7:00 PM,Calgary Flames,New York Rangers
2-12-2024,7:00 PM,Arizona Coyotes,Philadelphia Flyers
2-12-2024,10:00 PM,Minnesota Wild,Vegas Golden Knights
2-13-2024,7:00 PM,Tampa Bay Lightning,Boston Bruins
2-13-2024,7:00 PM,Los Angeles Kings,Buffalo Sabres
2-13-2024,7:00 PM,Anaheim Ducks,Montreal Canadiens
2-13-2024,7:00 PM,Columbus Blue Jackets,Ottawa Senators
2-13-2024,7:00 PM,St. Louis Blues,Toronto Maple Leafs
2-13-2024,7:00 PM,Colorado Avalanche,Washington Capitals
2-13-2024,7:30 PM,Seattle Kraken,New York Islanders
2-13-2024,8:00 PM,Carolina Hurricanes,Dallas Stars
2-13-2024,8:00 PM,New Jersey Devils,Nashville Predators
2-13-2024,8:30 PM,Vancouver Canucks,Chicago Blackhawks
2-13-2024,9:00 PM,Detroit Red Wings,Edmonton Oilers
2-14-2024,7:30 PM,Florida Panthers,Pittsburgh Penguins
2-14-2024,7:30 PM,San Jose Sharks,Winnipeg Jets
2-14-2024,9:30 PM,Minnesota Wild,Arizona Coyotes
2-15-2024,7:00 PM,Seattle Kraken,Boston Bruins
2-15-2024,7:00 PM,Florida Panthers,Buffalo Sabres
2-15-2024,7:00 PM,Los Angeles Kings,New Jersey Devils
2-15-2024,7:00 PM,Montreal Canadiens,New York Rangers
2-15-2024,7:00 PM,Anaheim Ducks,Ottawa Senators
2-15-2024,7:00 PM,Colorado Avalanche,Tampa Bay Lightning
2-15-2024,7:00 PM,Philadelphia Flyers,Toronto Maple Leafs
2-15-2024,8:00 PM,Edmonton Oilers,St. Louis Blues
2-15-2024,8:30 PM,Pittsburgh Penguins,Chicago Blackhawks
2-15-2024,9:00 PM,San Jose Sharks,Calgary Flames
2-15-2024,9:00 PM,Dallas Stars,Nashville Predators
2-15-2024,10:00 PM,Detroit Red Wings,Vancouver Canucks
2-16-2024,9:00 PM,Carolina Hurricanes,Arizona Coyotes
2-17-2024,12:30 PM,Edmonton Oilers,Dallas Stars
2-17-2024,3:00 PM,Ottawa Senators,Chicago Blackhawks
2-17-2024,4:00 PM,Detroit Red Wings,Calgary Flames
2-17-2024,5:00 PM,Los Angeles Kings,Boston Bruins
2-17-2024,5:00 PM,Buffalo Sabres,Minnesota Wild
2-17-2024,5:00 PM,Nashville Predators,St. Louis Blues
2-17-2024,5:00 PM,Florida Panthers,Tampa Bay Lightning
2-17-2024,7:00 PM,Washington Capitals,Montreal Canadiens
2-17-2024,7:00 PM,Anaheim Ducks,Toronto Maple Leafs
2-17-2024,8:00 PM,Philadelphia Flyers,New Jersey Devils
2-17-2024,10:00 PM,Winnipeg Jets,Vancouver Canucks
2-17-2024,10:30 PM,Columbus Blue Jackets,San Jose Sharks
2-17-2024,10:30 PM,Carolina Hurricanes,Vegas Golden Knights
2-18-2024,3:00 PM,New York Rangers,New York Islanders
2-18-2024,6:00 PM,Arizona Coyotes,Colorado Avalanche
2-18-2024,6:00 PM,Los Angeles Kings,Pittsburgh Penguins
2-19-2024,12:30 PM,Anaheim Ducks,Buffalo Sabres
2-19-2024,1:00 PM,Dallas Stars,Boston Bruins
2-19-2024,1:00 PM,Toronto Maple Leafs,St. Louis Blues
2-19-2024,2:00 PM,Vancouver Canucks,Minnesota Wild
2-19-2024,3:30 PM,Detroit Red Wings,Seattle Kraken
2-19-2024,4:00 PM,Edmonton Oilers,Arizona Coyotes
2-19-2024,4:00 PM,Winnipeg Jets,Calgary Flames
2-19-2024,4:00 PM,Vegas Golden Knights,San Jose Sharks
2-19-2024,7:00 PM,Chicago Blackhawks,Carolina Hurricanes
2-19-2024,7:00 PM,Ottawa Senators,Tampa Bay Lightning
2-20-2024,7:00 PM,Ottawa Senators,Florida Panthers
2-20-2024,7:00 PM,Dallas Stars,New York Rangers
2-20-2024,7:00 PM,New York Islanders,Pittsburgh Penguins
2-20-2024,7:00 PM,New Jersey Devils,Washington Capitals
2-20-2024,8:00 PM,Minnesota Wild,Winnipeg Jets
2-20-2024,9:00 PM,Vancouver Canucks,Colorado Avalanche
2-20-2024,10:00 PM,Nashville Predators,Vegas Golden Knights
2-20-2024,10:30 PM,Columbus Blue Jackets,Los Angeles Kings
2-21-2024,7:00 PM,Buffalo Sabres,Montreal Canadiens
2-21-2024,7:30 PM,Philadelphia Flyers,Chicago Blackhawks
2-21-2024,10:00 PM,Columbus Blue Jackets,Anaheim Ducks
2-21-2024,10:00 PM,Toronto Maple Leafs,Arizona Coyotes
2-21-2024,10:00 PM,Boston Bruins,Edmonton Oilers
2-22-2024,7:00 PM,Florida Panthers,Carolina Hurricanes
2-22-2024,7:00 PM,Colorado Avalanche,Detroit Red Wings
2-22-2024,7:00 PM,New York Rangers,New Jersey Devils
2-22-2024,7:00 PM,Dallas Stars,Ottawa Senators
2-22-2024,7:00 PM,Montreal Canadiens,Pittsburgh Penguins
2-22-2024,7:00 PM,Washington Capitals,Tampa Bay Lightning
2-22-2024,8:00 PM,New York Islanders,St. Louis Blues
2-22-2024,9:00 PM,Boston Bruins,Calgary Flames
2-22-2024,10:00 PM,Vancouver Canucks,Seattle Kraken
2-22-2024,10:00 PM,Toronto Maple Leafs,Vegas Golden Knights
2-22-2024,10:30 PM,Nashville Predators,Los Angeles Kings
2-23-2024,7:00 PM,Buffalo Sabres,Columbus Blue Jackets
2-23-2024,8:30 PM,Winnipeg Jets,Chicago Blackhawks
2-23-2024,9:00 PM,Minnesota Wild,Edmonton Oilers
2-24-2024,12:30 PM,Montreal Canadiens,New Jersey Devils
2-24-2024,12:30 PM,Tampa Bay Lightning,New York Islanders
2-24-2024,3:00 PM,New York Rangers,Philadelphia Flyers
2-24-2024,6:00 PM,Washington Capitals,Florida Panthers
2-24-2024,7:00 PM,Dallas Stars,Carolina Hurricanes
2-24-2024,7:00 PM,Toronto Maple Leafs,Colorado Avalanche
2-24-2024,7:00 PM,St. Louis Blues,Detroit Red Wings
2-24-2024,7:00 PM,Vegas Golden Knights,Ottawa Senators
2-24-2024,7:00 PM,Boston Bruins,Vancouver Canucks
2-24-2024,10:00 PM,Calgary Flames,Edmonton Oilers
2-24-2024,10:00 PM,Minnesota Wild,Seattle Kraken
2-24-2024,10:00 PM,Nashville Predators,San Jose Sharks
2-24-2024,10:30 PM,Anaheim Ducks,Los Angeles Kings
2-25-2024,1:00 PM,Tampa Bay Lightning,New Jersey Devils
2-25-2024,3:30 PM,Philadelphia Flyers,Pittsburgh Penguins
2-25-2024,6:00 PM,Carolina Hurricanes,Buffalo Sabres
2-25-2024,6:00 PM,New York Rangers,Columbus Blue Jackets
2-25-2024,6:00 PM,Detroit Red Wings,Chicago Blackhawks
2-25-2024,6:00 PM,Arizona Coyotes,Winnipeg Jets
2-25-2024,8:00 PM,Nashville Predators,Anaheim Ducks
2-26-2024,7:00 PM,Ottawa Senators,Washington Capitals
2-26-2024,8:00 PM,New York Islanders,Dallas Stars
2-26-2024,9:30 PM,Los Angeles Kings,Edmonton Oilers
2-26-2024,10:00 PM,Boston Bruins,Seattle Kraken
2-27-2024,7:00 PM,Washington Capitals,Detroit Red Wings
2-27-2024,7:00 PM,Buffalo Sabres,Florida Panthers
2-27-2024,7:00 PM,Arizona Coyotes,Montreal Canadiens
2-27-2024,7:00 PM,Tampa Bay Lightning,Philadelphia Flyers
2-27-2024,7:00 PM,Vegas Golden Knights,Toronto Maple Leafs
2-27-2024,8:00 PM,Carolina Hurricanes,Minnesota Wild
2-27-2024,8:00 PM,Ottawa Senators,Nashville Predators
2-27-2024,8:00 PM,St. Louis Blues,Winnipeg Jets
2-27-2024,9:00 PM,Los Angeles Kings,Calgary Flames
2-27-2024,9:00 PM,Dallas Stars,Colorado Avalanche
2-27-2024,10:00 PM,Pittsburgh Penguins,Vancouver Canucks
2-27-2024,10:30 PM,New Jersey Devils,San Jose Sharks
2-28-2024,7:00 PM,Columbus Blue Jackets,New York Rangers
2-28-2024,8:30 PM,St. Louis Blues,Edmonton Oilers
2-29-2024,7:00 PM,Vegas Golden Knights,Boston Bruins
2-29-2024,7:00 PM,Carolina Hurricanes,Columbus Blue Jackets
2-29-2024,7:00 PM,New York Islanders,Detroit Red Wings
2-29-2024,7:00 PM,Montreal Canadiens,Florida Panthers
2-29-2024,7:00 PM,Buffalo Sabres,Tampa Bay Lightning
2-29-2024,7:00 PM,Arizona Coyotes,Toronto Maple Leafs
2-29-2024,8:00 PM,Winnipeg Jets,Dallas Stars
2-29-2024,8:00 PM,Minnesota Wild,Nashville Predators
2-29-2024,9:00 PM,Colorado Avalanche,Chicago Blackhawks
2-29-2024,10:00 PM,Pittsburgh Penguins,Seattle Kraken
2-29-2024,10:00 PM,Los Angeles Kings,Vancouver Canucks
2-29-2024,10:30 PM,Anaheim Ducks,San Jose Sharks
3-1-2024,7:00 PM,Arizona Coyotes,Ottawa Senators
3-1-2024,7:00 PM,Philadelphia Flyers,Washington Capitals
3-1-2024,10:00 PM,New Jersey Devils,Anaheim Ducks
3-2-2024,12:30 PM,Winnipeg Jets,Carolina Hurricanes
3-2-2024,3:00 PM,Boston Bruins,New York Islanders
3-2-2024,4:00 PM,Edmonton Oilers,Seattle Kraken
3-2-2024,6:00 PM,Colorado Avalanche,Nashville Predators
3-2-2024,7:00 PM,Vegas Golden Knights,Buffalo Sabres
3-2-2024,7:00 PM,Florida Panthers,Detroit Red Wings
3-2-2024,7:00 PM,Ottawa Senators,Philadelphia Flyers
3-2-2024,7:00 PM,Montreal Canadiens,Tampa Bay Lightning
3-2-2024,7:00 PM,New York Rangers,Toronto Maple Leafs
3-2-2024,8:00 PM,Columbus Blue Jackets,Chicago Blackhawks
3-2-2024,8:00 PM,San Jose Sharks,Dallas Stars
3-2-2024,8:00 PM,Minnesota Wild,St. Louis Blues
3-2-2024,10:00 PM,Pittsburgh Penguins,Calgary Flames
3-3-2024,1:00 PM,Arizona Coyotes,Washington Capitals
3-3-2024,3:30 PM,New Jersey Devils,Los Angeles Kings
3-3-2024,7:00 PM,Winnipeg Jets,Buffalo Sabres
3-3-2024,7:00 PM,San Jose Sharks,Minnesota Wild
3-3-2024,8:00 PM,Vancouver Canucks,Anaheim Ducks
3-3-2024,9:00 PM,Pittsburgh Penguins,Edmonton Oilers
3-4-2024,7:00 PM,Vegas Golden Knights,Columbus Blue Jackets
3-4-2024,7:00 PM,Florida Panthers,New York Rangers
3-4-2024,7:00 PM,St. Louis Blues,Philadelphia Flyers
3-4-2024,7:00 PM,Boston Bruins,Toronto Maple Leafs
3-4-2024,9:00 PM,Chicago Blackhawks,Colorado Avalanche
3-4-2024,9:30 PM,Seattle Kraken,Calgary Flames
3-5-2024,7:00 PM,Edmonton Oilers,Boston Bruins
3-5-2024,7:00 PM,Florida Panthers,New Jersey Devils
3-5-2024,7:00 PM,Columbus Blue Jackets,Pittsburgh Penguins
3-5-2024,7:30 PM,St. Louis Blues,New York Islanders
3-5-2024,8:00 PM,Montreal Canadiens,Nashville Predators
3-5-2024,8:00 PM,Seattle Kraken,Winnipeg Jets
3-5-2024,9:00 PM,Chicago Blackhawks,Arizona Coyotes
3-5-2024,10:30 PM,Vancouver Canucks,Los Angeles Kings
3-5-2024,10:30 PM,Dallas Stars,San Jose Sharks
3-6-2024,7:00 PM,Buffalo Sabres,Toronto Maple Leafs
3-6-2024,9:30 PM,Detroit Red Wings,Colorado Avalanche
3-6-2024,10:00 PM,Ottawa Senators,Anaheim Ducks
3-7-2024,7:00 PM,Toronto Maple Leafs,Boston Bruins
3-7-2024,7:00 PM,Montreal Canadiens,Carolina Hurricanes
3-7-2024,7:00 PM,Edmonton Oilers,Columbus Blue Jackets
3-7-2024,7:00 PM,Philadelphia Flyers,Florida Panthers
3-7-2024,7:00 PM,St. Louis Blues,New Jersey Devils
3-7-2024,7:00 PM,Washington Capitals,Pittsburgh Penguins
3-7-2024,7:00 PM,Calgary Flames,Tampa Bay Lightning
3-7-2024,8:00 PM,Buffalo Sabres,Nashville Predators
3-7-2024,9:00 PM,Minnesota Wild,Arizona Coyotes
3-7-2024,10:00 PM,Vancouver Canucks,Vegas Golden Knights
3-7-2024,10:30 PM,Ottawa Senators,Los Angeles Kings
3-7-2024,10:30 PM,New York Islanders,San Jose Sharks
3-8-2024,9:00 PM,Detroit Red Wings,Arizona Coyotes
3-8-2024,9:00 PM,Minnesota Wild,Colorado Avalanche
3-8-2024,10:00 PM,Dallas Stars,Anaheim Ducks
3-8-2024,10:00 PM,Winnipeg Jets,Seattle Kraken
3-9-2024,12:30 PM,Edmonton Oilers,Buffalo Sabres
3-9-2024,12:30 PM,Nashville Predators,Columbus Blue Jackets
3-9-2024,12:30 PM,Carolina Hurricanes,New Jersey Devils
3-9-2024,3:00 PM,Pittsburgh Penguins,Boston Bruins
3-9-2024,4:00 PM,Calgary Flames,Florida Panthers
3-9-2024,7:00 PM,Toronto Maple Leafs,Montreal Canadiens
3-9-2024,7:00 PM,Ottawa Senators,San Jose Sharks
3-9-2024,7:00 PM,Philadelphia Flyers,Tampa Bay Lightning
3-9-2024,7:00 PM,Chicago Blackhawks,Washington Capitals
3-9-2024,7:30 PM,St. Louis Blues,New York Rangers
3-9-2024,10:00 PM,Winnipeg Jets,Vancouver Canucks
3-9-2024,10:00 PM,Detroit Red Wings,Vegas Golden Knights
3-9-2024,10:30 PM,Dallas Stars,Los Angeles Kings
3-10-2024,1:00 PM,Edmonton Oilers,Pittsburgh Penguins
3-10-2024,3:30 PM,Nashville Predators,Minnesota Wild
3-10-2024,5:00 PM,Calgary Flames,Carolina Hurricanes
3-10-2024,6:00 PM,Arizona Coyotes,Chicago Blackhawks
3-10-2024,8:00 PM,New York Islanders,Anaheim Ducks
3-11-2024,7:00 PM,St. Louis Blues,Boston Bruins
3-11-2024,7:00 PM,New Jersey Devils,New York Rangers
3-11-2024,7:30 PM,Washington Capitals,Winnipeg Jets
3-11-2024,10:30 PM,New York Islanders,Los Angeles Kings
3-12-2024,7:00 PM,Detroit Red Wings,Buffalo Sabres
3-12-2024,7:00 PM,New York Rangers,Carolina Hurricanes
3-12-2024,7:00 PM,Columbus Blue Jackets,Montreal Canadiens
3-12-2024,7:00 PM,Pittsburgh Penguins,Ottawa Senators
3-12-2024,7:00 PM,San Jose Sharks,Philadelphia Flyers
3-12-2024,8:00 PM,Florida Panthers,Dallas Stars
3-12-2024,8:00 PM,Arizona Coyotes,Minnesota Wild
3-12-2024,8:30 PM,Anaheim Ducks,Chicago Blackhawks
3-12-2024,9:00 PM,Colorado Avalanche,Calgary Flames
3-12-2024,10:00 PM,Vegas Golden Knights,Seattle Kraken
3-13-2024,7:30 PM,Los Angeles Kings,St. Louis Blues
3-13-2024,7:30 PM,Nashville Predators,Winnipeg Jets
3-13-2024,10:00 PM,Washington Capitals,Edmonton Oilers
3-13-2024,10:30 PM,Colorado Avalanche,Vancouver Canucks
3-14-2024,7:00 PM,New York Islanders,Buffalo Sabres
3-14-2024,7:00 PM,Florida Panthers,Carolina Hurricanes
3-14-2024,7:00 PM,Ottawa Senators,Columbus Blue Jackets
3-14-2024,7:00 PM,Arizona Coyotes,Detroit Red Wings
3-14-2024,7:00 PM,Boston Bruins,Montreal Canadiens
3-14-2024,7:00 PM,Toronto Maple Leafs,Philadelphia Flyers
3-14-2024,7:00 PM,San Jose Sharks,Pittsburgh Penguins
3-14-2024,7:00 PM,New York Rangers,Tampa Bay Lightning
3-14-2024,8:00 PM,New Jersey Devils,Dallas Stars
3-14-2024,8:00 PM,Anaheim Ducks,Minnesota Wild
3-14-2024,9:00 PM,Vegas Golden Knights,Calgary Flames
3-14-2024,10:00 PM,Washington Capitals,Seattle Kraken
3-15-2024,8:00 PM,Anaheim Ducks,Winnipeg Jets
3-15-2024,8:30 PM,Los Angeles Kings,Chicago Blackhawks
3-16-2024,12:30 PM,Buffalo Sabres,Detroit Red Wings
3-16-2024,12:30 PM,Ottawa Senators,New York Islanders
3-16-2024,3:00 PM,New York Rangers,Pittsburgh Penguins
3-16-2024,5:00 PM,New Jersey Devils,Arizona Coyotes
3-16-2024,6:00 PM,Tampa Bay Lightning,Florida Panthers
3-16-2024,7:00 PM,Philadelphia Flyers,Boston Bruins
3-16-2024,7:00 PM,San Jose Sharks,Columbus Blue Jackets
3-16-2024,7:00 PM,Montreal Canadiens,Calgary Flames
3-16-2024,7:00 PM,Carolina Hurricanes,Toronto Maple Leafs
3-16-2024,8:00 PM,Los Angeles Kings,Dallas Stars
3-16-2024,8:00 PM,Minnesota Wild,St. Louis Blues
3-16-2024,10:00 PM,Colorado Avalanche,Edmonton Oilers
3-16-2024,10:00 PM,Nashville Predators,Seattle Kraken
3-16-2024,10:00 PM,Washington Capitals,Vancouver Canucks
3-17-2024,1:00 PM,New York Islanders,New York Rangers
3-17-2024,3:30 PM,New Jersey Devils,Vegas Golden Knights
3-17-2024,6:00 PM,Winnipeg Jets,Columbus Blue Jackets
3-17-2024,6:00 PM,San Jose Sharks,Chicago Blackhawks
3-17-2024,6:00 PM,Carolina Hurricanes,Ottawa Senators
3-17-2024,6:00 PM,Detroit Red Wings,Pittsburgh Penguins
3-17-2024,7:00 PM,Anaheim Ducks,St. Louis Blues
3-18-2024,8:30 PM,Washington Capitals,Calgary Flames
3-18-2024,10:00 PM,Buffalo Sabres,Seattle Kraken
3-19-2024,7:00 PM,Ottawa Senators,Boston Bruins
3-19-2024,7:00 PM,Columbus Blue Jackets,Detroit Red Wings
3-19-2024,7:00 PM,Pittsburgh Penguins,New Jersey Devils
3-19-2024,7:00 PM,Winnipeg Jets,New York Rangers
3-19-2024,7:00 PM,Toronto Maple Leafs,Philadelphia Flyers
3-19-2024,7:30 PM,Carolina Hurricanes,New York Islanders
3-19-2024,8:00 PM,San Jose Sharks,Nashville Predators
3-19-2024,8:00 PM,Colorado Avalanche,St. Louis Blues
3-19-2024,9:00 PM,Montreal Canadiens,Edmonton Oilers
3-19-2024,10:00 PM,Minnesota Wild,Anaheim Ducks
3-19-2024,10:00 PM,Chicago Blackhawks,Los Angeles Kings
3-19-2024,10:00 PM,Buffalo Sabres,Vancouver Canucks
3-19-2024,10:00 PM,Tampa Bay Lightning,Vegas Golden Knights
3-20-2024,7:30 PM,Toronto Maple Leafs,Washington Capitals
3-20-2024,8:00 PM,Arizona Coyotes,Dallas Stars
3-20-2024,10:00 PM,Minnesota Wild,Los Angeles Kings
3-21-2024,7:00 PM,New York Rangers,Boston Bruins
3-21-2024,7:00 PM,Philadelphia Flyers,Carolina Hurricanes
3-21-2024,7:00 PM,New York Islanders,Detroit Red Wings
3-21-2024,7:00 PM,Nashville Predators,Florida Panthers
3-21-2024,7:00 PM,Winnipeg Jets,New Jersey Devils
3-21-2024,7:00 PM,St. Louis Blues,Ottawa Senators
3-21-2024,9:00 PM,Buffalo Sabres,Edmonton Oilers
3-21-2024,10:00 PM,Chicago Blackhawks,Anaheim Ducks
3-21-2024,10:00 PM,Montreal Canadiens,Vancouver Canucks
3-21-2024,10:00 PM,Seattle Kraken,Vegas Golden Knights
3-21-2024,10:30 PM,Tampa Bay Lightning,San Jose Sharks
3-22-2024,7:00 PM,Carolina Hurricanes,Washington Capitals
3-22-2024,8:00 PM,Pittsburgh Penguins,Dallas Stars
3-22-2024,9:00 PM,Columbus Blue Jackets,Colorado Avalanche
3-22-2024,10:00 PM,Seattle Kraken,Arizona Coyotes
3-23-2024,1:00 PM,Winnipeg Jets,New York Islanders
3-23-2024,1:00 PM,Boston Bruins,Philadelphia Flyers
3-23-2024,3:00 PM,St. Louis Blues,Minnesota Wild
3-23-2024,5:00 PM,Detroit Red Wings,Nashville Predators
3-23-2024,7:00 PM,Ottawa Senators,New Jersey Devils
3-23-2024,7:00 PM,Edmonton Oilers,Toronto Maple Leafs
3-23-2024,8:00 PM,Florida Panthers,New York Rangers
3-23-2024,10:00 PM,Calgary Flames,Vancouver Canucks
3-23-2024,10:30 PM,Tampa Bay Lightning,Los Angeles Kings
3-23-2024,10:30 PM,Chicago Blackhawks,San Jose Sharks
3-23-2024,10:30 PM,Columbus Blue Jackets,Vegas Golden Knights
3-24-2024,12:30 PM,Winnipeg Jets,Washington Capitals
3-24-2024,2:00 PM,Pittsburgh Penguins,Colorado Avalanche
3-24-2024,5:00 PM,New Jersey Devils,New York Islanders
3-24-2024,6:00 PM,Toronto Maple Leafs,Carolina Hurricanes
3-24-2024,6:00 PM,Edmonton Oilers,Ottawa Senators
3-24-2024,6:00 PM,Florida Panthers,Philadelphia Flyers
3-24-2024,8:00 PM,Dallas Stars,Arizona Coyotes
3-24-2024,8:30 PM,Tampa Bay Lightning,Anaheim Ducks
3-24-2024,9:00 PM,Buffalo Sabres,Calgary Flames
3-24-2024,9:00 PM,Montreal Canadiens,Seattle Kraken
3-25-2024,8:00 PM,Vegas Golden Knights,St. Louis Blues
3-25-2024,9:00 PM,Los Angeles Kings,Vancouver Canucks
3-26-2024,7:00 PM,Boston Bruins,Florida Panthers
3-26-2024,7:00 PM,Philadelphia Flyers,New York Rangers
3-26-2024,7:00 PM,Carolina Hurricanes,Pittsburgh Penguins
3-26-2024,7:00 PM,New Jersey Devils,Toronto Maple Leafs
3-26-2024,7:00 PM,Detroit Red Wings,Washington Capitals
3-26-2024,8:00 PM,Vegas Golden Knights,Nashville Predators
3-26-2024,8:00 PM,Edmonton Oilers,Winnipeg Jets
3-26-2024,8:30 PM,Calgary Flames,Chicago Blackhawks
3-26-2024,9:00 PM,Montreal Canadiens,Colorado Avalanche
3-26-2024,10:00 PM,Columbus Blue Jackets,Arizona Coyotes
3-26-2024,10:00 PM,Anaheim Ducks,Seattle Kraken
3-26-2024,10:30 PM,Dallas Stars,San Jose Sharks
3-27-2024,7:00 PM,Ottawa Senators,Buffalo Sabres
3-27-2024,7:30 PM,Boston Bruins,Tampa Bay Lightning
3-28-2024,7:00 PM,Detroit Red Wings,Carolina Hurricanes
3-28-2024,7:00 PM,New York Islanders,Florida Panthers
3-28-2024,7:00 PM,Philadelphia Flyers,Montreal Canadiens
3-28-2024,7:00 PM,Chicago Blackhawks,Ottawa Senators
3-28-2024,7:00 PM,Columbus Blue Jackets,Pittsburgh Penguins
3-28-2024,7:00 PM,Washington Capitals,Toronto Maple Leafs
3-28-2024,8:00 PM,San Jose Sharks,Minnesota Wild
3-28-2024,8:00 PM,Calgary Flames,St. Louis Blues
3-28-2024,8:00 PM,Vegas Golden Knights,Winnipeg Jets
3-28-2024,9:00 PM,New York Rangers,Colorado Avalanche
3-28-2024,9:00 PM,Los Angeles Kings,Edmonton Oilers
3-28-2024,10:00 PM,Nashville Predators,Arizona Coyotes
3-28-2024,10:00 PM,Anaheim Ducks,Seattle Kraken
3-28-2024,10:00 PM,Dallas Stars,Vancouver Canucks
3-29-2024,7:00 PM,New Jersey Devils,Buffalo Sabres
3-30-2024,12:30 PM,Detroit Red Wings,Florida Panthers
3-30-2024,3:00 PM,Vegas Golden Knights,Minnesota Wild
3-30-2024,4:00 PM,Anaheim Ducks,Edmonton Oilers
3-30-2024,6:00 PM,New York Rangers,Arizona Coyotes
3-30-2024,6:00 PM,Nashville Predators,Colorado Avalanche
3-30-2024,7:00 PM,Toronto Maple Leafs,Buffalo Sabres
3-30-2024,7:00 PM,Pittsburgh Penguins,Columbus Blue Jackets
3-30-2024,7:00 PM,Carolina Hurricanes,Montreal Canadiens
3-30-2024,7:00 PM,Chicago Blackhawks,Philadelphia Flyers
3-30-2024,7:00 PM,New York Islanders,Tampa Bay Lightning
3-30-2024,7:00 PM,Ottawa Senators,Winnipeg Jets
3-30-2024,7:00 PM,Boston Bruins,Washington Capitals
3-30-2024,8:00 PM,San Jose Sharks,St. Louis Blues
3-30-2024,10:00 PM,Los Angeles Kings,Calgary Flames
3-30-2024,10:00 PM,Dallas Stars,Seattle Kraken
3-31-2024,3:30 PM,Anaheim Ducks,Vancouver Canucks
4-1-2024,7:00 PM,Colorado Avalanche,Columbus Blue Jackets
4-1-2024,7:00 PM,Pittsburgh Penguins,New York Rangers
4-1-2024,7:00 PM,New York Islanders,Philadelphia Flyers
4-1-2024,7:00 PM,Detroit Red Wings,Tampa Bay Lightning
4-1-2024,7:00 PM,Florida Panthers,Toronto Maple Leafs
4-1-2024,9:00 PM,Edmonton Oilers,St. Louis Blues
4-1-2024,9:00 PM,Los Angeles Kings,Winnipeg Jets
4-1-2024,10:30 PM,Seattle Kraken,San Jose Sharks
4-2-2024,7:00 PM,Washington Capitals,Buffalo Sabres
4-2-2024,7:00 PM,Florida Panthers,Montreal Canadiens
4-2-2024,7:00 PM,Pittsburgh Penguins,New Jersey Devils
4-2-2024,7:30 PM,Chicago Blackhawks,New York Islanders
4-2-2024,8:00 PM,Ottawa Senators,Minnesota Wild
4-2-2024,8:00 PM,Boston Bruins,Nashville Predators
4-2-2024,9:00 PM,Anaheim Ducks,Calgary Flames
4-2-2024,10:00 PM,Vancouver Canucks,Vegas Golden Knights
4-3-2024,7:00 PM,Tampa Bay Lightning,Toronto Maple Leafs
4-3-2024,7:30 PM,New Jersey Devils,New York Rangers
4-3-2024,9:00 PM,Edmonton Oilers,Dallas Stars
4-3-2024,10:00 PM,Vancouver Canucks,Arizona Coyotes
4-3-2024,10:00 PM,Seattle Kraken,Los Angeles Kings
4-4-2024,7:00 PM,Boston Bruins,Carolina Hurricanes
4-4-2024,7:00 PM,New York Islanders,Columbus Blue Jackets
4-4-2024,7:00 PM,Tampa Bay Lightning,Montreal Canadiens
4-4-2024,7:00 PM,Florida Panthers,Ottawa Senators
4-4-2024,7:00 PM,Pittsburgh Penguins,Washington Capitals
4-4-2024,8:00 PM,Colorado Avalanche,Minnesota Wild
4-4-2024,8:00 PM,St. Louis Blues,Nashville Predators
4-4-2024,8:00 PM,Calgary Flames,Winnipeg Jets
4-4-2024,10:30 PM,Los Angeles Kings,San Jose Sharks
4-5-2024,7:00 PM,Philadelphia Flyers,Buffalo Sabres
4-5-2024,7:00 PM,Washington Capitals,Carolina Hurricanes
4-5-2024,7:00 PM,New York Rangers,Detroit Red Wings
4-5-2024,9:00 PM,Colorado Avalanche,Edmonton Oilers
4-5-2024,10:00 PM,Seattle Kraken,Anaheim Ducks
4-5-2024,10:00 PM,Vegas Golden Knights,Arizona Coyotes
4-6-2024,1:00 PM,Tampa Bay Lightning,Pittsburgh Penguins
4-6-2024,3:30 PM,Florida Panthers,Boston Bruins
4-6-2024,4:00 PM,Winnipeg Jets,Minnesota Wild
4-6-2024,4:30 PM,Dallas Stars,Chicago Blackhawks
4-6-2024,6:00 PM,St. Louis Blues,San Jose Sharks
4-6-2024,7:00 PM,Philadelphia Flyers,Columbus Blue Jackets
4-6-2024,7:00 PM,Toronto Maple Leafs,Montreal Canadiens
4-6-2024,7:00 PM,New Jersey Devils,Ottawa Senators
4-6-2024,7:30 PM,Nashville Predators,New York Islanders
4-6-2024,10:00 PM,Edmonton Oilers,Calgary Flames
4-6-2024,10:00 PM,Vancouver Canucks,Los Angeles Kings
4-7-2024,1:00 PM,Buffalo Sabres,Detroit Red Wings
4-7-2024,3:30 PM,Minnesota Wild,Chicago Blackhawks
4-7-2024,5:00 PM,Columbus Blue Jackets,Carolina Hurricanes
4-7-2024,6:00 PM,Arizona Coyotes,San Jose Sharks
4-7-2024,6:00 PM,Ottawa Senators,Washington Capitals
4-7-2024,7:00 PM,Nashville Predators,New Jersey Devils
4-7-2024,7:00 PM,Montreal Canadiens,New York Rangers
4-7-2024,8:00 PM,St. Louis Blues,Anaheim Ducks
4-7-2024,10:00 PM,Dallas Stars,Colorado Avalanche
4-8-2024,7:00 PM,Pittsburgh Penguins,Toronto Maple Leafs
4-8-2024,10:00 PM,Vegas Golden Knights,Vancouver Canucks
4-9-2024,7:00 PM,Carolina Hurricanes,Boston Bruins
4-9-2024,7:00 PM,Washington Capitals,Detroit Red Wings
4-9-2024,7:00 PM,Ottawa Senators,Florida Panthers
4-9-2024,7:00 PM,Philadelphia Flyers,Montreal Canadiens
4-9-2024,7:00 PM,Toronto Maple Leafs,New Jersey Devils
4-9-2024,7:00 PM,New York Rangers,New York Islanders
4-9-2024,7:00 PM,Columbus Blue Jackets,Tampa Bay Lightning
4-9-2024,8:00 PM,Buffalo Sabres,Dallas Stars
4-9-2024,8:00 PM,Winnipeg Jets,Nashville Predators
4-9-2024,9:30 PM,Minnesota Wild,Colorado Avalanche
4-9-2024,10:00 PM,Los Angeles Kings,Anaheim Ducks
4-9-2024,10:00 PM,Arizona Coyotes,Seattle Kraken
4-9-2024,10:30 PM,Calgary Flames,San Jose Sharks
4-10-2024,8:00 PM,Chicago Blackhawks,St. Louis Blues
4-10-2024,8:30 PM,Vegas Golden Knights,Edmonton Oilers
4-10-2024,10:30 PM,Arizona Coyotes,Vancouver Canucks
4-11-2024,7:00 PM,Washington Capitals,Buffalo Sabres
4-11-2024,7:00 PM,Columbus Blue Jackets,Florida Panthers
4-11-2024,7:00 PM,Philadelphia Flyers,New York Rangers
4-11-2024,7:00 PM,Detroit Red Wings,Pittsburgh Penguins
4-11-2024,7:00 PM,Ottawa Senators,Tampa Bay Lightning
4-11-2024,7:00 PM,New Jersey Devils,Toronto Maple Leafs
4-11-2024,7:30 PM,Montreal Canadiens,New York Islanders
4-11-2024,8:00 PM,Winnipeg Jets,Dallas Stars
4-11-2024,10:00 PM,San Jose Sharks,Seattle Kraken
4-11-2024,10:30 PM,Calgary Flames,Los Angeles Kings
4-12-2024,8:00 PM,Carolina Hurricanes,St. Louis Blues
4-12-2024,8:30 PM,Nashville Predators,Chicago Blackhawks
4-12-2024,9:00 PM,Arizona Coyotes,Edmonton Oilers
4-12-2024,10:00 PM,Calgary Flames,Anaheim Ducks
4-12-2024,10:00 PM,Minnesota Wild,Vegas Golden Knights
4-13-2024,12:30 PM,New York Islanders,New York Rangers
4-13-2024,3:00 PM,Seattle Kraken,Dallas Stars
4-13-2024,4:00 PM,Winnipeg Jets,Colorado Avalanche
4-13-2024,5:00 PM,Buffalo Sabres,Florida Panthers
4-13-2024,5:00 PM,New Jersey Devils,Philadelphia Flyers
4-13-2024,5:30 PM,Tampa Bay Lightning,Washington Capitals
4-13-2024,7:00 PM,Montreal Canadiens,Ottawa Senators
4-13-2024,7:00 PM,Detroit Red Wings,Toronto Maple Leafs
4-13-2024,8:00 PM,Columbus Blue Jackets,Nashville Predators
4-13-2024,8:00 PM,Boston Bruins,Pittsburgh Penguins
4-13-2024,10:00 PM,Vancouver Canucks,Edmonton Oilers
4-13-2024,10:30 PM,Anaheim Ducks,Los Angeles Kings
4-13-2024,10:30 PM,Minnesota Wild,San Jose Sharks
4-14-2024,1:00 PM,Seattle Kraken,St. Louis Blues
4-14-2024,3:30 PM,Colorado Avalanche,Vegas Golden Knights
4-14-2024,6:00 PM,Carolina Hurricanes,Chicago Blackhawks
4-14-2024,8:00 PM,Arizona Coyotes,Calgary Flames
4-15-2024,7:00 PM,Montreal Canadiens,Detroit Red Wings
4-15-2024,7:00 PM,New York Islanders,New Jersey Devils
4-15-2024,7:00 PM,Nashville Predators,Pittsburgh Penguins
4-15-2024,7:00 PM,Buffalo Sabres,Tampa Bay Lightning
4-15-2024,7:00 PM,Boston Bruins,Washington Capitals
4-15-2024,7:30 PM,Ottawa Senators,New York Rangers
4-15-2024,9:30 PM,San Jose Sharks,Edmonton Oilers
4-15-2024,9:30 PM,Minnesota Wild,Los Angeles Kings
4-16-2024,7:00 PM,Ottawa Senators,Boston Bruins
4-16-2024,7:00 PM,Carolina Hurricanes,Columbus Blue Jackets
4-16-2024,7:00 PM,Toronto Maple Leafs,Florida Panthers
4-16-2024,7:00 PM,Detroit Red Wings,Montreal Canadiens
4-16-2024,7:00 PM,Washington Capitals,Philadelphia Flyers
4-16-2024,8:00 PM,Seattle Kraken,Winnipeg Jets
4-16-2024,9:30 PM,Chicago Blackhawks,Vegas Golden Knights
4-16-2024,10:00 PM,Calgary Flames,Vancouver Canucks
4-17-2024,7:00 PM,Pittsburgh Penguins,New York Islanders
4-17-2024,7:00 PM,Toronto Maple Leafs,Tampa Bay Lightning
4-17-2024,9:30 PM,St. Louis Blues,Dallas Stars
4-17-2024,10:00 PM,Edmonton Oilers,Arizona Coyotes
4-18-2024,7:00 PM,Seattle Kraken,Minnesota Wild
4-18-2024,8:00 PM,Vancouver Canucks,Winnipeg Jets
4-18-2024,9:00 PM,San Jose Sharks,Calgary Flames
4-18-2024,9:30 PM,Edmonton Oilers,Colorado Avalanche
4-18-2024,10:00 PM,Anaheim Ducks,Vegas Golden Knights
4-18-2024,10:30 PM,Chicago Blackhawks,Los Angeles Kings